id,ids_prism,ids_espn,ids_fantasypros,ids_fantasyprosSlug,ids_gsis,ids_nffc,ids_pfr,ids_sleeper,ids_sportradar,ids_wikidata,ids_yahoo,names_boxscore,names_givenFirst,names_firstLast,names_lastFirst,names_lastFirstInit,names_givenFull,names_suffix,names_display,names_last,names_first,names_middle,profile_birthDate,profile_birthYear,profile_birthMonth,profile_birthDay,profile_height,profile_weight,position_abbreviation,position_group,profile_rookieYear
01rb14s3zm,01rb14s3zm,4431545,22930,will-shipley,00-0039746,21141,ShipWi00,11577,796e223d-e8d5-42ab-afb4-557fa6183357,Q109187026,41002,W.Shipley,William,Will Shipley,"Shipley, Will","Shipley, W",William Shipley,,Will Shipley,Shipley,Will,,2002-08-29,2002,08,29,71,210,RB,RB,2024
059xleevqh,059xleevqh,4427366,22982,breece-hall,00-0038120,19427,HallBr03,8155,db1053d7-3343-43a3-9aab-8353f10f1221,Q99670654,33991,B.Hall,Breece,Breece Hall,"Hall, Breece","Hall, B",Breece Hall,,Breece Hall,Hall,Breece,,2001-05-31,2001,05,31,71,217,RB,RB,2022
09w695n8hr,09w695n8hr,4242431,19471,ty-chandler,00-0037276,19471,ChanTy01,8230,a0833a94-60ce-4a3a-a32a-d067fe7b253d,Q111818676,34125,T.Chandler,Tykevious,Ty Chandler,"Chandler, Ty","Chandler, T",Tykevious Chandler,,Ty Chandler,Chandler,Ty,,1998-05-12,1998,05,12,71,204,RB,RB,2022
0bdwl8l7ym,0bdwl8l7ym,4035671,19297,tyler-huntley,00-0035993,18624,HuntTy01,7083,7c226f73-a59f-4db6-ad98-2766d05d4d5a,Q76995200,32993,T.Huntley,Tyler,Tyler Huntley,"Huntley, Tyler","Huntley, T",Tyler Huntley,,Tyler Huntley,Huntley,Tyler,,1998-02-03,1998,02,03,73,204,QB,QB,2020
0dkxe1x2th,0dkxe1x2th,4362921,22913,tyquan-thornton,00-0038104,19491,ThorTy00,8188,74cda487-2026-42e0-ae32-77f3502cfb11,Q111085291,34005,T.Thornton,Tyquan,Tyquan Thornton,"Thornton, Tyquan","Thornton, T",Tyquan Thornton,,Tyquan Thornton,Thornton,Tyquan,,2000-08-07,2000,08,07,74,185,WR,WR,2022
0j1byqbh9m,0j1byqbh9m,4429053,23016,aj-henning,00-0040302,22513,HennAJ00,12865,a52b06e0-2441-11f0-a9f9-9516d6719f8f,,42163,A.Henning,Antiwan,A.J. Henning,"Henning, A.J.","Henning, A",Antiwan Henning,,A.J. Henning,Henning,A.J.,,2001-09-09,2001,09,09,70,192,WR,WR,2025
0n8d26yxmh,0n8d26yxmh,4710714,28138,dezhaun-stribling,00-0041035,23066,StriDe01,13417,ca6fa516-adeb-4fd2-9408-17c9c2e38798,Q130332377,42655,D.Stribling,De'Zhaun-Ryan,De'Zhaun Stribling,"Stribling, De'Zhaun","Stribling, D",De'Zhaun-Ryan Stribling,,De'Zhaun Stribling,Stribling,De'Zhaun,,2002-12-18,2002,12,18,74,207,WR,WR,2026
0nr4xs8zx0,0nr4xs8zx0,4685522,25368,ty-simpson,00-0041568,22936,SimpTy00,13275,2e62e603-363a-425f-8c57-0a1600476c85,Q116234477,42635,T.Simpson,Tyler,Ty Simpson,"Simpson, Ty","Simpson, T",Tyler Simpson,,Ty Simpson,Simpson,Ty,,2002-12-21,2002,12,21,74,208,QB,QB,2026
0p11t6bxgr,0p11t6bxgr,4360438,19252,brandon-aiyuk,00-0036261,17983,AiyuBr00,6803,c90471cc-fa60-4416-9388-5aebb5d877eb,Q75837911,32695,B.Aiyuk,Brandon,Brandon Aiyuk,"Aiyuk, Brandon","Aiyuk, B",Brandon Aiyuk,,Brandon Aiyuk,Aiyuk,Brandon,,1998-03-17,1998,03,17,72,200,WR,WR,2020
0ph881prrd,0ph881prrd,4432665,22955,brock-bowers,00-0039338,21123,BoweBr01,11604,ad9fc7e3-0a6d-4e41-84c2-cf43b71aee13,Q108691451,40878,B.Bowers,Brock,Brock Bowers,"Bowers, Brock","Bowers, B",Brock Bowers,,Brock Bowers,Bowers,Brock,,2002-12-13,2002,12,13,75,235,TE,TE,2024
0pp77rg64h,0pp77rg64h,4431536,23014,donovan-edwards,00-0040400,21149,EdwaDo01,12515,162f3110-24fe-11f0-9c33-270dfe4c58dc,Q108408578,42226,D.Edwards,Donovan,Donovan Edwards,"Edwards, Donovan","Edwards, D",Donovan Edwards,,Donovan Edwards,Edwards,Donovan,,2003-02-25,2003,02,25,73,212,RB,RB,2025
0ps0bjgzy0,0ps0bjgzy0,4837248,28013,fernando-mendoza,00-0041562,22928,MendFe00,13269,b1ded115-092a-4199-9a55-cab9f4b5bb18,Q123411920,42623,F.Mendoza,Fernando,Fernando Mendoza,"Mendoza, Fernando","Mendoza, F",Fernando Mendoza,,Fernando Mendoza,Mendoza,Fernando,,2003-10-01,2003,10,01,77,236,QB,QB,2026
0qxeyhyq9d,0qxeyhyq9d,4431431,22997,corey-kiner,00-0040556,22722,KineCo00,12491,c7483e80-2574-11f0-b082-a1e374c45b00,Q130325727,42386,C.Kiner,Corey,Corey Kiner,"Kiner, Corey","Kiner, C",Corey Kiner,,Corey Kiner,Kiner,Corey,,2002-01-21,2002,01,21,69,210,RB,RB,2025
0z7b94ldpd,0z7b94ldpd,3043078,15514,derrick-henry,00-0032764,15055,HenrDe00,3198,87c481c7-7414-43cc-82df-19ca0c2ae22e,Q16729768,29279,D.Henry,Derrick,Derrick Henry,"Henry, Derrick","Henry, D",Derrick Henry,,Derrick Henry,Henry,Derrick,,1994-01-04,1994,01,04,75,252,RB,RB,2016
10nt79jntd,10nt79jntd,4711533,25984,ollie-gordon,00-0040198,22071,GordOl00,12495,42753bb4-a416-4d40-bf81-f20d2181be2f,Q115587460,41969,O.Gordon,Ollie,Ollie Gordon,"Gordon, Ollie","Gordon, O",Ollie Gordon II,II,Ollie Gordon II,Gordon,Ollie,,2004-01-15,2004,01,15,74,225,RB,RB,2025
12efcy7m2m,12efcy7m2m,4912052,28079,justin-joly,00-0041077,23141,JolyJu00,13400,014c6825-61ca-486d-9c4d-ca0968b58888,Q131139492,42764,J.Joly,Justin,Justin Joly,"Joly, Justin","Joly, J",Justin Joly,,Justin Joly,Joly,Justin,,2004-07-09,2004,07,09,75,263,TE,TE,2026
12wbgphfqw,12wbgphfqw,4244049,22820,quintin-morris,00-0036590,19291,MorrQu00,7536,eab74cbc-ed11-46b3-bd16-1d4c997adc22,Q109528957,33819,Q.Morris,Quintin,Quintin Morris,"Morris, Quintin","Morris, Q",Quintin Morris,,Quintin Morris,Morris,Quintin,,1999-01-21,1999,01,21,74,243,TE,TE,2021
146v22lz0d,146v22lz0d,4360234,23297,evan-mcpherson,00-0036854,19068,McPhEv00,7839,acc143ed-53b2-49c9-81bc-16e6c98ffcae,Q106676600,33537,E.McPherson,Evan,Evan McPherson,"McPherson, Evan","McPherson, E",Evan McPherson,,Evan McPherson,McPherson,Evan,,1999-07-21,1999,07,21,71,185,K,SPEC,2021
1540mysd5m,1540mysd5m,4431611,23084,caleb-williams,00-0039918,21124,WillCa03,11560,49d4b627-3f19-49a8-ae33-f539e0fb1f88,Q108878513,40900,C.Williams,Caleb,Caleb Williams,"Williams, Caleb","Williams, C",Caleb Williams,,Caleb Williams,Williams,Caleb,,2001-11-18,2001,11,18,73,226,QB,QB,2024
19e8e3g7pm,19e8e3g7pm,4242546,22799,davis-mills,00-0036898,18922,MillDa02,7585,7d51fab7-2d52-4d19-a021-19a123af0d10,Q90255867,33455,D.Mills,Davis,Davis Mills,"Mills, Davis","Mills, D",Davis Mills,,Davis Mills,Mills,Davis,,1998-10-21,1998,10,21,76,225,QB,QB,2021
1bl5xrmjf8,1bl5xrmjf8,4428993,23141,haynes-king,00-0041149,23249,,13415,aa915c40-419d-11f1-aa00-ebd45e534754,Q108280665,42904,H.King,Haynes,Haynes King,"King, Haynes","King, H",Haynes King,,Haynes King,King,Haynes,,2001-01-09,2001,01,09,75,215,QB,QB,2026
1crb9kwkcr,1crb9kwkcr,2975674,16502,robert-tonyan,00-0033757,15751,TonyRo00,4602,7c9c7800-69d0-459b-812b-a07ac48e9f2a,Q56544042,30777,R.Tonyan,Robert,Robert Tonyan,"Tonyan, Robert","Tonyan, R",Robert Tonyan,,Robert Tonyan,Tonyan,Robert,,1994-04-30,1994,04,30,77,200,TE,TE,2017
1d5g1sqr3h,1d5g1sqr3h,4600597,27910,montorie-foster-jr,00-0040621,22869,FostMo00,13199,c2d51e60-2f63-11f0-84c5-d54c2e170b0d,Q127446663,42515,M.Foster,Montorie,Montorie Foster,"Foster, Montorie","Foster, M",Montorie Foster Jr,Jr,Montorie Foster Jr,Foster,Montorie,,2001-08-03,2001,08,03,71,188,WR,WR,2025
1dtwzb8z64,1dtwzb8z64,4430723,26343,jared-wiley,00-0039824,21304,WileJa00,11595,a952a370-a43f-45ec-8371-0665f0b9551e,Q123615627,40978,J.Wiley,Jared,Jared Wiley,"Wiley, Jared","Wiley, J",Jared Wiley,,Jared Wiley,Wiley,Jared,,2000-11-02,2000,11,02,78,249,TE,TE,2024
1dx1b5rhq0,1dx1b5rhq0,4426689,23112,ulysses-bentley-iv,00-0040476,22461,BentUl00,12826,f71d0370-23b2-11f0-b632-8947e146a0ae,Q132435855,42126,U.Bentley,Ulysses,Ulysses Bentley,"Bentley, Ulysses","Bentley, U",Ulysses Bentley IV,IV,Ulysses Bentley IV,Bentley,Ulysses,,2000-12-30,2000,12,30,70,200,RB,RB,2025
1f750xjkhm,1f750xjkhm,4569618,23072,garrett-wilson,00-0037740,19431,WilsGa00,8146,68d72fe0-79b2-4fdb-afd5-6c79676e77f3,Q104524010,33965,G.Wilson,Garrett,Garrett Wilson,"Wilson, Garrett","Wilson, G",Garrett Wilson,,Garrett Wilson,Wilson,Garrett,,2000-07-22,2000,07,22,72,183,WR,WR,2022
1h0t5q0gy0,1h0t5q0gy0,4035656,22843,ben-skowronek,00-0036862,19129,SkowBe00,7757,5521ba64-e615-4d50-b9bf-490498571ac7,Q102046795,33637,B.Skowronek,Bennett,Ben Skowronek,"Skowronek, Ben","Skowronek, B",Bennett Skowronek,,Ben Skowronek,Skowronek,Ben,,1997-06-27,1997,06,27,75,224,WR,WR,2021
1k1xvf02bw,1k1xvf02bw,4383396,25941,hunter-luepke,00-0038738,21079,LuepHu00,11510,58f425d0-f677-11ed-978f-0975e9cb7dba,Q114498061,40780,H.Luepke,Hunter,Hunter Luepke,"Luepke, Hunter","Luepke, H",Hunter Luepke,,Hunter Luepke,Luepke,Hunter,,2000-02-28,2000,02,28,73,238,RB,RB,2023
1nf9zydt44,1nf9zydt44,4429299,26212,tahj-brooks,00-0040208,22300,BrooTa00,12543,8d50af87-f6dc-42cb-a7e7-11716667a1dc,Q122999654,41983,T.Brooks,Tahj,Tahj Brooks,"Brooks, Tahj","Brooks, T",Tahj Brooks,,Tahj Brooks,Brooks,Tahj,,2002-05-13,2002,05,13,69,220,RB,RB,2025
1q9dv58dtr,1q9dv58dtr,4870847,27337,jakobi-lane,00-0040870,22959,LaneJa01,13293,ea285842-4fdf-4b27-bd73-6bfd916c6bc5,Q130380708,42702,J.Lane,Ja'Kobi,Ja'Kobi Lane,"Lane, Ja'Kobi","Lane, J",Ja'Kobi Lane,,Ja'Kobi Lane,Lane,Ja'Kobi,,2004-08-05,2004,08,05,76,208,WR,WR,2026
1qgsbjz5t4,1qgsbjz5t4,4361259,22679,zach-wilson,00-0037013,18806,WilsZa00,7538,17bb63b1-1b0e-48e1-baf7-55cd314d0e62,Q99960947,33390,Z.Wilson,Zachary,Zach Wilson,"Wilson, Zach","Wilson, Z",Zachary Wilson,,Zach Wilson,Wilson,Zach,,1999-08-03,1999,08,03,74,214,QB,QB,2021
1qr2zc3s60,1qr2zc3s60,4360763,25631,brycen-tremayne,00-0038840,20751,TremBr00,11157,2a3cbc30-e8ed-11ed-bd02-25f41a9e059e,Q128529362,40407,B.Tremayne,Brycen,Brycen Tremayne,"Tremayne, Brycen","Tremayne, B",Brycen Tremayne,,Brycen Tremayne,Tremayne,Brycen,,1999-11-18,1999,11,18,76,212,WR,WR,2023
1r08hg90ld,1r08hg90ld,4432620,23106,parker-washington,00-0038606,20291,WashPa01,9487,c05863ec-3414-4ae6-a8d2-830aed99b6d3,Q105582950,40234,P.Washington,Christopher,Parker Washington,"Washington, Parker","Washington, P",Christopher Washington,,Parker Washington,Washington,Parker,,2002-03-21,2002,03,21,70,204,WR,WR,2023
1v537cjb4h,1v537cjb4h,4683308,28166,tanner-arkin,00-0041314,23493,ArkiTa00,13827,41b6b4d0-42b6-11f1-a54d-ffb403408d6a,Q134386486,43152,T.Arkin,Tanner,Tanner Arkin,"Arkin, Tanner","Arkin, T",Tanner Arkin,,Tanner Arkin,Arkin,Tanner,,2003-07-07,2003,07,07,76,262,TE,TE,2026
1xs37ddbyd,1xs37ddbyd,3052897,17508,durham-smythe,00-0034798,16153,SmytDu00,5008,7e42a22a-c47b-4387-aeeb-2cc2e76dc1d8,Q54322506,31093,D.Smythe,Durham,Durham Smythe,"Smythe, Durham","Smythe, D",Durham Smythe,,Durham Smythe,Smythe,Durham,,1995-08-09,1995,08,09,76,248,TE,TE,2018
22ddgf0rxm,22ddgf0rxm,4722893,25876,jaleel-mclaughlin,00-0038794,21005,McLaJa00,11439,60b4ded0-f321-11ed-ab27-e38fa04fd6c0,Q120973540,40696,J.McLaughlin,Jaleel,Jaleel McLaughlin,"McLaughlin, Jaleel","McLaughlin, J",Jaleel McLaughlin,,Jaleel McLaughlin,McLaughlin,Jaleel,,2000-09-13,2000,09,13,69,183,RB,RB,2023
22kns1s024,22kns1s024,4685555,24343,nick-singleton,00-0040886,22943,SingNi01,13288,0111286e-ef59-40dd-97e8-967204490e34,Q113468531,42763,N.Singleton,Nicholas,Nicholas Singleton,"Singleton, Nicholas","Singleton, N",Nicholas Singleton,,Nicholas Singleton,Singleton,Nicholas,,2004-01-06,2004,01,06,72,219,RB,RB,2026
2389bt5vmh,2389bt5vmh,4040761,18280,devin-singletary,00-0035250,17034,SingDe00,6130,a961b0d4-5d7c-438e-90f0-2e1fa09f6c89,Q44389375,31906,D.Singletary,Devin,Devin Singletary,"Singletary, Devin","Singletary, D",Devin Singletary,,Devin Singletary,Singletary,Devin,,1997-09-03,1997,09,03,67,203,RB,RB,2019
24zse5elyw,24zse5elyw,4034949,17575,eddy-pineiro,00-0034173,16159,PineEd00,5189,1c50997f-c56e-47f9-a750-33ab100ed28b,Q52714896,31482,E.Pineiro,Eddy,Eddy Pineiro,"Pineiro, Eddy","Pineiro, E",Eddy Pineiro,,Eddy Pineiro,Pineiro,Eddy,,1995-09-13,1995,09,13,71,190,K,SPEC,2018
263pgtfvcd,263pgtfvcd,4685261,26039,germie-bernard,00-0041489,22947,BernGe00,13274,d37b698e-7a10-4363-a859-6937c7d3e6f6,Q124215676,42669,G.Bernard,Germie,Germie Bernard,"Bernard, Germie","Bernard, G",Germie Bernard,,Germie Bernard,Bernard,Germie,,2003-12-02,2003,12,02,73,206,WR,WR,2026
274d354sbr,274d354sbr,4360516,22980,tyrone-tracy-jr,00-0039384,21183,TracTy00,11655,fc6c7973-79a9-4974-855e-bc13400fe641,Q124714586,41048,T.Tracy,Tyrone,Tyrone Tracy,"Tracy, Tyrone","Tracy, T",Tyrone Tracy Jr.,Jr.,Tyrone Tracy Jr.,Tracy,Tyrone,,1999-11-23,1999,11,23,71,210,RB,RB,2024
27cz4r21c0,27cz4r21c0,4426338,22910,bo-nix,00-0039732,20299,NixxBo00,11563,f056c8ed-6ee5-492c-af11-3f7e3d97195c,Q64010450,40875,B.Nix,Bo,Bo Nix,"Nix, Bo","Nix, B",Bo Nix,,Bo Nix,Nix,Bo,,2000-02-25,2000,02,25,74,217,QB,QB,2024
27k9qfxj4w,27k9qfxj4w,4426485,23030,jonathan-mingo,00-0039062,20332,MingJo00,10225,6cf0c82d-87e4-4cfc-8475-77667ed92796,Q114567837,40073,J.Mingo,Jonathan,Jonathan Mingo,"Mingo, Jonathan","Mingo, J",Jonathan Mingo,,Jonathan Mingo,Mingo,Jonathan,,2001-04-20,2001,04,20,74,225,WR,WR,2023
2hmrb76wt8,2hmrb76wt8,4686612,26215,tre-harris,00-0040727,22074,HarrTr03,12509,a45328a1-7d0e-451a-8176-ea30f0e1c86f,Q123197626,41840,T.Harris,Cleveland,Tre Harris,"Harris, Tre","Harris, T",Cleveland Harris,,Tre Harris,Harris,Tre,,2002-02-28,2002,02,28,75,210,WR,WR,2025
2lb8r8c86d,2lb8r8c86d,4362478,25654,emari-demercado,00-0038705,20719,DemeEm00,11199,44b4cbf0-e8fe-11ed-bc6e-a5c4d3ccbdd1,Q118133409,40430,E.Demercado,Emari,Emari Demercado,"Demercado, Emari","Demercado, E",Emari Demercado,,Emari Demercado,Demercado,Emari,,1999-01-20,1999,01,20,69,215,RB,RB,2023
2mmyb83e9m,2mmyb83e9m,4241263,22756,charlie-kolar,00-0038046,19482,KolaCh00,8127,3c048ac9-2c0f-4bf0-9ddc-ce99c9387ac8,Q95693718,34084,C.Kolar,Charlie,Charlie Kolar,"Kolar, Charlie","Kolar, C",Charlie Kolar,,Charlie Kolar,Kolar,Charlie,,1999-02-10,1999,02,10,78,265,TE,TE,2022
2p2k0my3lr,2p2k0my3lr,4431452,23046,drake-maye,00-0039851,21125,MayeDr00,11564,d0c0630e-8925-4b81-a32b-e4146d95f01f,Q113363657,40881,D.Maye,Drake,Drake Maye,"Maye, Drake","Maye, D",Drake Maye,,Drake Maye,Maye,Drake,,2002-08-30,2002,08,30,76,225,QB,QB,2024
2ry9rb0qf0,2ry9rb0qf0,12483,9451,matthew-stafford,00-0026498,7697,StafMa00,421,ade43b1a-0601-4672-83b6-d246bc066a19,Q889130,9265,M.Stafford,John,Matthew Stafford,"Stafford, Matthew","Stafford, M",John Stafford,,Matthew Stafford,Stafford,Matthew,,1988-02-07,1988,02,07,75,214,QB,QB,2009
2s8ghle4q4,2s8ghle4q4,4373030,25349,ben-sims,00-0038809,20639,SimsBe00,11082,cef32a80-e761-11ed-ac46-e3b4ebd723e5,Q122110104,40335,B.Sims,Ben,Ben Sims,"Sims, Ben","Sims, B",Ben Sims,,Ben Sims,Sims,Ben,,2000-05-16,2000,05,16,77,250,TE,TE,2023
2tpzhh0dc0,2tpzhh0dc0,4869461,28507,trey-smack,00-0040899,23151,SmacTr00,13545,fc5890c6-b22d-4b5b-8ca5-2722b077bc8b,Q137576229,42838,T.Smack,James,Trey Smack,"Smack, Trey","Smack, T",James Smack,,Trey Smack,Smack,Trey,,2003-07-12,2003,07,12,73,188,K,SPEC,2026
2vjyyz4ymm,2vjyyz4ymm,4240472,19539,noah-gray,00-0036637,19128,GrayNo00,7828,c97dfcb6-b999-476f-8487-f3848e92df17,Q100564838,33550,N.Gray,Noah,Noah Gray,"Gray, Noah","Gray, N",Noah Gray,,Noah Gray,Gray,Noah,,1999-04-30,1999,04,30,75,240,TE,TE,2021
2xlzp4g4q0,2xlzp4g4q0,4692835,25468,jalen-brooks,00-0038640,20519,BrooJa03,11034,66f7bbe1-eb89-4b48-83db-d947b04ff1fd,Q118106076,40257,J.Brooks,Jalen,Jalen Brooks,"Brooks, Jalen","Brooks, J",Jalen Brooks,,Jalen Brooks,Brooks,Jalen,,2000-05-07,2000,05,07,74,205,WR,WR,2023
2yg9jky8hd,2yg9jky8hd,4431459,26434,tyler-warren,00-0040128,22067,WarrTy00,12518,c8fe3913-1210-4142-b9c1-c119ef702ca5,Q121073917,41799,T.Warren,Tyler,Tyler Warren,"Warren, Tyler","Warren, T",Tyler Warren,,Tyler Warren,Warren,Tyler,,2002-05-24,2002,05,24,78,256,TE,TE,2025
2yxrlpw8pr,2yxrlpw8pr,3917914,18864,olamide-zaccheaus,00-0035208,17170,ZaccOl01,6271,d8281390-f081-41e5-b55e-75779536fe94,Q70790285,32123,O.Zaccheaus,Olamide,Olamide Zaccheaus,"Zaccheaus, Olamide","Zaccheaus, O",Olamide Zaccheaus,,Olamide Zaccheaus,Zaccheaus,Olamide,,1997-07-23,1997,07,23,68,194,WR,WR,2019
3010nygy1h,3010nygy1h,2310331,18633,tyler-johnson,00-0036427,17979,JohnTy00,6960,93c17735-5275-45cf-b3ef-620351c62313,Q76446120,32831,T.Johnson,Tyler,Tyler Johnson,"Johnson, Tyler","Johnson, T",Tyler Johnson,,Tyler Johnson,Johnson,Tyler,,1998-08-25,1998,08,25,73,215,WR,WR,2020
31sw25yg1m,31sw25yg1m,3040151,16499,george-kittle,00-0033288,15360,KittGe00,4217,2ada91b0-036e-454f-83c3-6d939ff584a9,Q29558759,30259,G.Kittle,George,George Kittle,"Kittle, George","Kittle, G",George Kittle,,George Kittle,Kittle,George,,1993-10-09,1993,10,09,76,250,TE,TE,2017
33vmzj6rhd,33vmzj6rhd,4035115,18246,albert-okwuegbunam,00-0036423,18000,OkwuAl00,6843,617aee8a-70be-4bdf-9a71-2e2b74e647e6,Q57603670,32788,A.Okwuegbunam,Albert,Albert Okwuegbunam,"Okwuegbunam, Albert","Okwuegbunam, A",Albert Okwuegbunam,Jr.,Albert Okwuegbunam,Okwuegbunam,Albert,,1998-04-25,1998,04,25,77,258,TE,TE,2020
354mr641ww,354mr641ww,4240703,22722,kenny-pickett,00-0038102,19442,PickKe00,8160,ef7ae1f1-4ebe-4759-bbb3-32bd177ace08,Q99554628,33975,K.Pickett,Kenneth,Kenny Pickett,"Pickett, Kenny","Pickett, K",Kenneth Pickett,,Kenny Pickett,Pickett,Kenny,,1998-06-06,1998,06,06,75,220,QB,QB,2022
35eng5rvk8,35eng5rvk8,4257188,25336,charlie-jones,00-0038576,20468,JoneCh11,10228,c634c231-61fb-4725-8533-2cce14bfebbf,Q114000835,40158,C.Jones,Charlie,Charlie Jones,"Jones, Charlie","Jones, C",Charlie Jones,,Charlie Jones,Jones,Charlie,,1998-10-29,1998,10,29,72,190,WR,WR,2023
35s5m76t7w,35s5m76t7w,4723086,26006,colston-loveland,00-0040126,22075,LoveCo00,12517,62cd2cd5-8b40-4ee6-bfb8-0083edd105a2,Q115286954,41795,C.Loveland,Colston,Colston Loveland,"Loveland, Colston","Loveland, C",Colston Loveland,,Colston Loveland,Loveland,Colston,,2004-04-09,2004,04,09,78,241,TE,TE,2025
35x06sknbh,35x06sknbh,4038524,18562,gardner-minshew,00-0035289,17025,MinsGa00,6011,dabb52c0-455b-48fe-996b-abf758120623,Q57339590,32010,G.Minshew,Gardner,Gardner Minshew,"Minshew, Gardner","Minshew, G",Gardner Minshew,II,Gardner Minshew,Minshew,Gardner,,1996-05-16,1996,05,16,73,225,QB,QB,2019
394gmz19qw,394gmz19qw,4686361,26475,cam-little,00-0039409,21378,LittCa00,11786,42d90cdf-5494-4576-bc1e-4b5d3de99f5f,Q124429774,41062,C.Little,Cam,Cam Little,"Little, Cam","Little, C",Cam Little,,Cam Little,Little,Cam,,2003-08-17,2003,08,17,73,172,K,SPEC,2024
3f6l75ecsw,3f6l75ecsw,4685247,24346,braelon-allen,00-0039794,21132,AlleBr05,11576,d7f72deb-c1e2-47a2-b651-887f0e33dc44,Q109570622,40981,B.Allen,Braelon,Braelon Allen,"Allen, Braelon","Allen, B",Braelon Allen,,Braelon Allen,Allen,Braelon,,2004-01-20,2004,01,20,73,235,RB,RB,2024
3ftv8dwxfr,3ftv8dwxfr,4430802,22967,darnell-washington,00-0038558,20301,WashDa03,9479,1984b8b5-d206-4d6a-8204-c5dd0160e9f5,Q109383359,40094,D.Washington,Darnell,Darnell Washington,"Washington, Darnell","Washington, D",Darnell Washington,,Darnell Washington,Washington,Darnell,,2001-08-17,2001,08,17,79,265,TE,TE,2023
3g8whwrxvr,3g8whwrxvr,4917427,27499,tanner-koziol,00-0041084,23162,KoziTa00,13408,aa0d8447-26c5-4f82-827a-57890d7b9f70,Q131447674,42797,T.Koziol,Tanner,Tanner Koziol,"Koziol, Tanner","Koziol, T",Tanner Koziol,,Tanner Koziol,Koziol,Tanner,,2004-01-28,2004,01,28,79,250,TE,TE,2026
3g970qfk90,3g970qfk90,4430737,23059,kyren-williams,00-0037840,19450,WillKy02,8150,19d44771-8f1d-4127-9b7d-230da137f15d,Q100408299,34120,K.Williams,Kyren,Kyren Williams,"Williams, Kyren","Williams, K",Kyren Williams,,Kyren Williams,Williams,Kyren,,2000-08-26,2000,08,26,69,207,RB,RB,2022
3hdwjgyf6r,3hdwjgyf6r,3123075,17289,braxton-berrios,00-0034419,16137,BerrBr00,5121,18f0bd30-1432-4fae-9cb4-c212bad6d0bb,Q41760277,31180,B.Berrios,Braxton,Braxton Berrios,"Berrios, Braxton","Berrios, B",Braxton Berrios,,Braxton Berrios,Berrios,Braxton,,1995-10-06,1995,10,06,69,190,WR,WR,2018
3lcg8zg194,3lcg8zg194,4360569,22969,jordan-mason,00-0037525,19872,MasoJo00,8408,af9f7390-ca80-11ec-97ae-e1573849d1a6,Q113869071,34320,J.Mason,Jordan,Jordan Mason,"Mason, Jordan","Mason, J",Jordan Mason,,Jordan Mason,Mason,Jordan,,1999-05-24,1999,05,24,71,230,RB,RB,2022
3ml1qqxrbm,3ml1qqxrbm,4362081,23901,cameron-dicker,00-0037224,20006,DickCa00,8259,ac5dd0b0-d060-11ec-b677-29e0f2526162,Q109905035,34344,C.Dicker,Cameron,Cameron Dicker,"Dicker, Cameron","Dicker, C",Cameron Dicker,,Cameron Dicker,Dicker,Cameron,,2000-05-06,2000,05,06,73,216,K,SPEC,2022
3qv3f5jeqh,3qv3f5jeqh,4429835,22915,george-holani,00-0039299,21709,HolaGe00,12048,971a3930-0724-11ef-a47d-6f7fe8c7bc97,Q124788532,41344,G.Holani,George,George Holani,"Holani, George","Holani, G",George Holani,,George Holani,Holani,George,,1999-12-16,1999,12,16,70,210,RB,RB,2024
3qzkjw69dw,3qzkjw69dw,4360635,23982,chigoziem-okonkwo,00-0037809,19633,OkonCh00,8210,14e11f9b-58c8-437f-abc0-a4e4df9a7c47,Q111020385,34099,C.Okonkwo,Chigoziem,Chig Okonkwo,"Okonkwo, Chig","Okonkwo, C",Chigoziem Okonkwo,,Chig Okonkwo,Okonkwo,Chig,,1999-09-08,1999,09,08,75,238,TE,TE,2022
3tmqyqlt0w,3tmqyqlt0w,4594749,23167,michael-trigg,00-0040939,22963,TrigMi00,13401,6bff41b0-4191-11f1-9de2-13456d982f5a,Q113876337,42887,M.Trigg,Michael,Michael Trigg,"Trigg, Michael","Trigg, M",Michael Trigg,,Michael Trigg,Trigg,Michael,,2002-06-27,2002,06,27,76,250,TE,TE,2026
3v02hez7pr,3v02hez7pr,4371733,23310,kenneth-gainwell,00-0036919,18772,GainKe00,7567,e2a5882a-dcc1-4800-889f-3b957b21834f,Q88089345,33538,K.Gainwell,Kenneth,Kenny Gainwell,"Gainwell, Kenny","Gainwell, K",Kenneth Gainwell,,Kenny Gainwell,Gainwell,Kenny,,1999-03-14,1999,03,14,69,200,RB,RB,2021
3wg54ml43h,3wg54ml43h,2985659,16026,wil-lutz,00-0032569,14404,LutzWi00,3678,c4cf84d0-6022-4ac1-a9ba-85587921c53f,Q24248320,29754,W.Lutz,William,Wil Lutz,"Lutz, Wil","Lutz, W",William Lutz,,Wil Lutz,Lutz,Wil,,1994-07-07,1994,07,07,71,184,K,SPEC,2016
45tellv7x8,45tellv7x8,4869132,28141,reggie-virgil,00-0041070,23111,VirgRe00,13297,5c342ca7-20ec-4278-8d30-f8134d5a0fd3,Q136813968,42791,R.Virgil,Reggie,Reggie Virgil,"Virgil, Reggie","Virgil, R",Reggie Virgil,,Reggie Virgil,Virgil,Reggie,,2004-05-14,2004,05,14,74,187,WR,WR,2026
4712ckx40r,4712ckx40r,4688380,24755,cam-ward,00-0040676,20310,WardCa00,12522,3c76cab3-3df2-43dd-acaa-57e055bd32d0,Q110263644,41786,C.Ward,Cameron,Cam Ward,"Ward, Cam","Ward, C",Cameron Ward,,Cam Ward,Ward,Cam,,2002-05-25,2002,05,25,74,219,QB,QB,2025
4cetc28rd0,4cetc28rd0,4429501,26191,ray-davis,00-0039875,21151,DaviRa04,11575,a856dd59-ed95-471a-bfb9-fbd0566bd1a9,Q123050591,40980,R.Davis,Re'Mahn,Ray Davis,"Davis, Ray","Davis, R",Re'Mahn Davis,,Ray Davis,Davis,Ray,,1999-11-20,1999,11,20,68,211,RB,RB,2024
4dlr3qt49h,4dlr3qt49h,4569587,22985,wandale-robinson,00-0038117,19460,RobiWa01,8126,582dfe0e-98f3-48a5-8a2d-a52baa926b05,Q108855775,33998,W.Robinson,Wan'Dale,Wan'Dale Robinson,"Robinson, Wan'Dale","Robinson, W",Wan'Dale Robinson,,Wan'Dale Robinson,Robinson,Wan'Dale,,2001-01-05,2001,01,05,68,185,WR,WR,2022
4ehg89cwmd,4ehg89cwmd,5150247,26012,malik-benson,00-0040894,23172,BensMa00,13329,27e1ef17-ce10-4e14-99e6-328672f57dcd,Q118570936,42817,M.Benson,Malik,Malik Benson,"Benson, Malik","Benson, M",Malik Benson,,Malik Benson,Benson,Malik,,2002-10-17,2002,10,17,72,189,WR,WR,2026
4fsbd09q6r,4fsbd09q6r,4239934,19358,aj-dillon,00-0036265,17996,DillAJ00,6828,e10bfeb8-ea01-47bc-bfa8-45f6dcbf71b3,Q54861465,32732,A.Dillon,Algiers,AJ Dillon,"Dillon, AJ","Dillon, A",Algiers Dillon,,AJ Dillon,Dillon,AJ,,1998-05-02,1998,05,02,72,247,RB,RB,2020
4grnf93vx0,4grnf93vx0,4690923,26310,ben-sinnott,00-0039912,21164,SinnBe00,11596,b5c717af-9116-483c-9ab3-c9db0a988ab8,Q120765641,40931,B.Sinnott,Ben,Ben Sinnott,"Sinnott, Ben","Sinnott, B",Ben Sinnott,,Ben Sinnott,Sinnott,Ben,,2002-06-14,2002,06,14,76,245,TE,TE,2024
4jntkkkqbw,4jntkkkqbw,5081508,28297,eli-heidenreich,00-0041490,22968,HeidEl00,13423,4e49c857-13bf-4156-ab13-706e4088179b,Q136803025,42852,E.Heidenreich,Eli,Eli Heidenreich,"Heidenreich, Eli","Heidenreich, E",Eli Heidenreich,,Eli Heidenreich,Heidenreich,Eli,,2003-07-28,2003,07,28,72,198,RB,RB,2026
4m15mem7wr,4m15mem7wr,4429955,25972,will-howard,00-0040203,22376,HowaWi01,12511,b8a1b579-3a7e-4858-960b-fbfaca8de613,Q115819176,41989,W.Howard,Will,Will Howard,"Howard, Will","Howard, W",Will Howard,,Will Howard,Howard,Will,,2001-09-24,2001,09,24,76,235,QB,QB,2025
4memq7tfkw,4memq7tfkw,4035020,19665,charlie-woerner,00-0036429,18271,WoerCh00,7075,527dfee0-a242-4dc7-830a-ab7028308259,Q91940308,32860,C.Woerner,Charles,Charlie Woerner,"Woerner, Charlie","Woerner, C",Charles Woerner,,Charlie Woerner,Woerner,Charlie,,1997-10-16,1997,10,16,77,250,TE,TE,2020
4p9qvlqwc8,4p9qvlqwc8,5159802,28352,dallen-bentley,00-0041133,23142,BentDa00,13577,4b40205a-7f62-4fd4-bc25-c470cc76a70f,Q137534358,42878,D.Bentley,Dallen,Dallen Bentley,"Bentley, Dallen","Bentley, D",Dallen Bentley,,Dallen Bentley,Bentley,Dallen,,2000-12-31,2000,12,31,76,259,TE,TE,2026
4pq7mxw38m,4pq7mxw38m,4832846,28084,demond-claiborne,00-0041104,22944,ClaiDe00,13347,b17d816a-b687-488f-ac03-7dcba5aae0b6,Q136132094,42820,D.Claiborne,Demond,Demond Claiborne,"Claiborne, Demond","Claiborne, D",Demond Claiborne,,Demond Claiborne,Claiborne,Demond,,2003-10-09,2003,10,09,70,188,RB,RB,2026
4q7g562wbw,4q7g562wbw,4695193,27445,efton-chismi,00-0040563,22673,ChisEf00,12542,6704a490-2534-11f0-a084-3df705a62310,Q132435812,42296,E.Chism,Efton,Efton Chism,"Chism, Efton","Chism, E",Efton Chism III,III,Efton Chism III,Chism,Efton,,2001-10-26,2001,10,26,70,198,WR,WR,2025
4xyq5hrdyh,4xyq5hrdyh,4573697,26546,mason-tipton,00-0039623,21492,TiptMa00,11895,91918b20-0572-11ef-96c1-f73e6ad39631,Q129084698,41188,M.Tipton,Mason,Mason Tipton,"Tipton, Mason","Tipton, M",Mason Tipton,,Mason Tipton,Tipton,Mason,,2000-09-27,2000,09,27,71,187,WR,WR,2024
505463xvb0,505463xvb0,4434153,25321,tyson-bagent,00-0038416,20814,BageTy00,11256,9bdeb910-ead2-11ed-999e-03b49558b5db,Q114323995,40504,T.Bagent,Tyson,Tyson Bagent,"Bagent, Tyson","Bagent, T",Tyson Bagent,,Tyson Bagent,Bagent,Tyson,,2000-06-08,2000,06,08,75,213,QB,QB,2023
50l008xveh,50l008xveh,4597500,24357,adonai-mitchell,00-0039890,21129,MitcAd00,11625,190dbc97-2b7c-4023-b6b0-5729b854b60b,Q109012827,40915,A.Mitchell,Adonai,Adonai Mitchell,"Mitchell, Adonai","Mitchell, A",Adonai Mitchell,,Adonai Mitchell,Mitchell,Adonai,,2002-10-08,2002,10,08,74,205,WR,WR,2024
50mvqb2dpr,50mvqb2dpr,4685350,25393,trevor-etienne,00-0040644,22094,EtieTr01,12531,39e2d13c-0fb7-465f-ad8b-0b4bb73e1124,Q115492523,41913,T.Etienne,Trevor,Trevor Etienne,"Etienne, Trevor","Etienne, T",Trevor Etienne,,Trevor Etienne,Etienne,Trevor,,2004-07-09,2004,07,09,69,204,RB,RB,2025
5102vtb45r,5102vtb45r,4819231,27165,kaleb-johnson-rb,00-0040142,22098,JohnKa03,12504,9738de9a-7626-460f-a786-28433ef70a1f,Q130302368,41881,K.Johnson,Kaleb,Kaleb Johnson,"Johnson, Kaleb","Johnson, K",Kaleb Johnson,,Kaleb Johnson,Johnson,Kaleb,,2003-08-14,2003,08,14,72,225,RB,RB,2025
52jvllxxym,52jvllxxym,4241416,19792,chuba-hubbard,00-0036555,18773,HubbCh01,7594,32205e74-b23f-420a-b312-465b29260745,Q67691583,33514,C.Hubbard,Chuba,Chuba Hubbard,"Hubbard, Chuba","Hubbard, C",Chuba Hubbard,,Chuba Hubbard,Hubbard,Chuba,,1999-06-11,1999,06,11,73,216,RB,RB,2021
59bexk7918,59bexk7918,4569382,23135,jordan-whittington,00-0039751,21389,WhitJo04,11623,7cc58a3b-157a-4f43-a7de-5bc403f9ce6b,Q123365074,41083,J.Whittington,Jordan,Jordan Whittington,"Whittington, Jordan","Whittington, J",Jordan Whittington,,Jordan Whittington,Whittington,Jordan,,2000-10-01,2000,10,01,73,202,WR,WR,2024
5ec9q5q0l4,5ec9q5q0l4,4428557,25323,tyjae-spears,00-0039032,20329,SpeaTy00,9508,af71f149-7758-40b7-973a-9fe6320cf4f5,Q115542257,40119,T.Spears,Tyjae,Tyjae Spears,"Spears, Tyjae","Spears, T",Tyjae Spears,,Tyjae Spears,Spears,Tyjae,,2001-06-15,2001,06,15,71,200,RB,RB,2023
5epyecgxrd,5epyecgxrd,4383429,25693,jacob-saylors,00-0038896,20790,SaylJa00,11237,99a7f770-ea18-11ed-a93b-a93886fe0bfd,Q134625884,40474,J.Saylors,Jacob,Jacob Saylors,"Saylors, Jacob","Saylors, J",Jacob Saylors,,Jacob Saylors,Saylors,Jacob,,2000-03-08,2000,03,08,71,195,RB,RB,2023
5esy3jmwmw,5esy3jmwmw,4685397,27310,jordan-james,00-0040177,22097,JameJo01,12467,c16040c3-7534-4eeb-956c-8ed3be9972ec,Q123474548,41933,J.James,Jordan,Jordan James,"James, Jordan","James, J",Jordan James,,Jordan James,James,Jordan,,2004-03-29,2004,03,29,69,208,RB,RB,2025
5g7x9x0yc8,5g7x9x0yc8,4360797,20126,tutu-atwell,00-0036849,18802,AtweTu00,7562,7dc49535-f9dd-44b0-94f2-08ac6470130b,Q88587309,33445,T.Atwell,Chatarius,Tutu Atwell,"Atwell, Tutu","Atwell, T",Chatarius Atwell,,Tutu Atwell,Atwell,Tutu,,1999-10-07,1999,10,07,69,165,WR,WR,2021
5gndzvppcw,5gndzvppcw,3054850,16421,alvin-kamara,00-0033906,15293,KamaAl00,4035,d9c857b2-97da-4fb8-a527-afbbb2a67413,Q27443318,30180,A.Kamara,Alvin,Alvin Kamara,"Kamara, Alvin","Kamara, A",Alvin Kamara,,Alvin Kamara,Kamara,Alvin,,1995-07-25,1995,07,25,70,215,RB,RB,2017
5jkz2e67l4,5jkz2e67l4,4596472,26060,jalon-daniels,00-0041251,23314,DaniJa03,13425,3d900120-419b-11f1-ab8f-75a26d456118,Q114055824,42919,J.Daniels,Jalon,Jalon Daniels,"Daniels, Jalon","Daniels, J",Jalon Daniels,,Jalon Daniels,Daniels,Jalon,,2002-10-29,2002,10,29,72,220,QB,QB,2026
5lw5jh72zm,5lw5jh72zm,4360405,25339,jake-bobo,00-0038752,20780,BoboJa00,10867,7d80dd50-e9f5-11ed-9c34-3f26f2e7ed88,Q115492181,40452,J.Bobo,Jake,Jake Bobo,"Bobo, Jake","Bobo, J",Jake Bobo,,Jake Bobo,Bobo,Jake,,1998-08-04,1998,08,04,76,211,WR,WR,2023
5m30sny944,5m30sny944,4708486,27294,jimmy-horn-jr,00-0040218,22291,HornJi00,12523,f15872a6-7bc1-41e4-a2cd-0a2fbc432bf7,Q122308579,41999,J.Horn,Jimmy,Jimmy Horn,"Horn, Jimmy","Horn, J",Jimmy Horn Jr.,Jr.,Jimmy Horn Jr.,Horn,Jimmy,,2002-09-12,2002,09,12,68,174,WR,WR,2025
5tet5q2r7r,5tet5q2r7r,3043116,15665,demarcus-robinson,00-0032775,14714,RobiDe01,3286,46b16198-116f-4913-85db-2bc21462bd66,Q24060917,29360,D.Robinson,Demarcus,Demarcus Robinson,"Robinson, Demarcus","Robinson, D",Demarcus Robinson,,Demarcus Robinson,Robinson,Demarcus,,1994-09-21,1994,09,21,73,203,WR,WR,2016
5tve79zpr4,5tve79zpr4,4428850,24354,dontayvion-wicks,00-0038393,20314,WickDo00,9486,ea3d1393-8c3b-4e81-a519-f636d28d692e,Q113200524,40201,D.Wicks,Dontayvion,Dontayvion Wicks,"Wicks, Dontayvion","Wicks, D",Dontayvion Wicks,,Dontayvion Wicks,Wicks,Dontayvion,,2001-06-16,2001,06,16,73,206,WR,WR,2023
5w0mqcyf6h,5w0mqcyf6h,4360761,25333,michael-wilson,00-0038559,20340,WilsMi02,10232,b91be982-fccd-448e-869b-e9b5148a1730,Q116814598,40121,M.Wilson,Michael,Michael Wilson,"Wilson, Michael","Wilson, M",Michael Wilson,,Michael Wilson,Wilson,Michael,,2000-02-23,2000,02,23,74,213,WR,WR,2023
5yz9d6mj6m,5yz9d6mj6m,4034779,24568,ko-kieft,00-0037311,19746,KiefKo00,8484,f96b8338-4ffb-4612-8c29-58dc3b12db69,Q111789099,34174,K.Kieft,Ko,Ko Kieft,"Kieft, Ko","Kieft, K",Ko Kieft,,Ko Kieft,Kieft,Ko,,1998-01-20,1998,01,20,77,265,TE,TE,2022
5zbjbbv0xw,5zbjbbv0xw,4243331,23181,cade-otton,00-0038129,19632,OttoCa00,8111,f23517bd-ae85-484a-8ecb-1f7a2d851e48,Q108292970,34062,C.Otton,Cade,Cade Otton,"Otton, Cade","Otton, C",Cade Otton,,Cade Otton,Otton,Cade,,1999-04-15,1999,04,15,77,247,TE,TE,2022
5zjgsg39rm,5zjgsg39rm,4431325,28094,taylen-green,00-0041092,23135,GreeTa00,13306,0db29717-c724-4603-8e5e-d10ef35cb842,Q115442351,42804,T.Green,Taylen,Taylen Green,"Green, Taylen","Green, T",Taylen Green,,Taylen Green,Green,Taylen,,2002-10-18,2002,10,18,78,230,QB,QB,2026
5zx9ed5txr,5zx9ed5txr,3128429,17253,courtland-sutton,00-0034348,16066,SuttCo00,5045,b55ae5ba-593f-4560-9cab-14e10698e01d,Q29723427,31010,C.Sutton,Courtland,Courtland Sutton,"Sutton, Courtland","Sutton, C",Courtland Sutton,,Courtland Sutton,Sutton,Courtland,,1995-10-10,1995,10,10,76,216,WR,WR,2018
622x93nkfh,622x93nkfh,16800,12123,davante-adams,00-0031381,12729,AdamDa01,2133,e7d6ae25-bf15-4660-8b37-c37716551de3,Q16149402,27581,D.Adams,Davante,Davante Adams,"Adams, Davante","Adams, D",Davante Adams,,Davante Adams,Adams,Davante,,1992-12-24,1992,12,24,73,204,WR,WR,2014
63j28s085d,63j28s085d,3930086,18631,dawson-knox,00-0035689,17088,KnoxDa00,5906,5fb525c5-4e70-4ede-8c49-94ad0cf66b7d,Q63229960,31928,D.Knox,Dawson,Dawson Knox,"Knox, Dawson","Knox, D",Dawson Knox,,Dawson Knox,Knox,Dawson,,1996-11-14,1996,11,14,76,254,TE,TE,2019
63j61sn3rr,63j61sn3rr,4374302,19799,amonra-stbrown,00-0036963,18827,StxxAm00,7547,26ef0447-29b8-4dd1-9831-dcbf8132bb74,Q56651156,33500,A.St. Brown,Amon-Ra,Amon-Ra St. Brown,"St. Brown, Amon-Ra","St. Brown, A",Amon-Ra St. Brown,,Amon-Ra St. Brown,St. Brown,Amon-Ra,,1999-10-24,1999,10,24,72,202,WR,WR,2021
63vpp7ln4w,63vpp7ln4w,4600981,27211,pat-bryant,00-0040134,22115,BryaPa00,12492,2858209e-4aa7-4539-9901-99a4d881229c,Q130667760,41860,P.Bryant,Patrick,Pat Bryant,"Bryant, Pat","Bryant, P",Patrick Bryant,,Pat Bryant,Bryant,Pat,,2002-12-10,2002,12,10,74,200,WR,WR,2025
64tx6y8grm,64tx6y8grm,4047650,18219,dk-metcalf,00-0035640,17002,MetcDK00,5846,754faf0f-40f7-45f0-b23b-6ce990ecaf26,Q53038696,31896,D.Metcalf,DeKaylin,DK Metcalf,"Metcalf, DK","Metcalf, D",DeKaylin Metcalf,,DK Metcalf,Metcalf,DK,,1997-12-14,1997,12,14,76,229,WR,WR,2019
65b1l2hcxm,65b1l2hcxm,3929630,17240,saquon-barkley,00-0034844,16062,BarkSa00,4866,9811b753-347c-467a-b3cb-85937e71e2b9,Q21620839,30972,S.Barkley,Saquon,Saquon Barkley,"Barkley, Saquon","Barkley, S",Saquon Barkley,,Saquon Barkley,Barkley,Saquon,,1997-02-09,1997,02,09,72,232,RB,RB,2018
6b9d7h24z0,6b9d7h24z0,4567747,22998,garrett-nussmeier,00-0040906,22966,NussGa00,13404,9fc8bed4-d9db-46a2-a75f-737881d23aa7,Q113563593,42871,G.Nussmeier,Garrett,Garrett Nussmeier,"Nussmeier, Garrett","Nussmeier, G",Garrett Nussmeier,,Garrett Nussmeier,Nussmeier,Garrett,,2002-02-06,2002,02,06,73,205,QB,QB,2026
6bryx880n4,6bryx880n4,4710855,27449,konata-mumpfield,00-0040590,22334,MumpKo00,12718,ccb6d700-ac74-4f6b-9f86-d1aa74d0c318,Q131581951,42035,K.Mumpfield,Konata,Konata Mumpfield,"Mumpfield, Konata","Mumpfield, K",Konata Mumpfield,,Konata Mumpfield,Mumpfield,Konata,,2002-10-24,2002,10,24,73,188,WR,WR,2025
6cc6ssgsnh,6cc6ssgsnh,4605951,28125,cj-daniels,00-0041399,22950,DaniCJ00,13270,d9f1a46d-555a-45b6-90cf-245fc29709c3,Q135537968,42819,C.Daniels,CJ,CJ Daniels,"Daniels, CJ","Daniels, C",CJ Daniels,,CJ Daniels,Daniels,CJ,,2002-01-04,2002,01,04,74,205,WR,WR,2026
6cr065ht5d,6cr065ht5d,4243371,23370,riley-patterson,00-0036816,19227,PattRi01,7922,deac735c-af0a-4f01-ada8-379ef66917ba,Q105552710,33781,R.Patterson,Riley,Riley Patterson,"Patterson, Riley","Patterson, R",Riley Patterson,,Riley Patterson,Patterson,Riley,,1999-09-07,1999,09,07,72,190,K,SPEC,2021
6eptg9h6yr,6eptg9h6yr,5155825,27470,carter-runyon,00-0040488,22778,RunyCa00,13122,a4af6950-2625-11f0-be8a-29068ea3d60c,Q136410914,42433,C.Runyon,Carter,Carter Runyon,"Runyon, Carter","Runyon, C",Carter Runyon,,Carter Runyon,Runyon,Carter,,2001-07-23,2001,07,23,76,243,TE,TE,2025
6f64nssxv0,6f64nssxv0,4429615,22916,zay-flowers,00-0039064,20288,FlowZa00,9997,2b6d74b7-10fb-4f17-99c8-9bb557fb475b,Q108525388,40039,Z.Flowers,Xavien,Zay Flowers,"Flowers, Zay","Flowers, Z",Xavien Flowers,,Zay Flowers,Flowers,Zay,,2000-09-11,2000,09,11,69,183,WR,WR,2023
6grvb5b0ed,6grvb5b0ed,4036378,19246,jordan-love,00-0036264,17997,LoveJo03,6804,e5094779-e94f-4052-8597-bdbee3719f6b,Q60736806,32696,J.Love,Jordan,Jordan Love,"Love, Jordan","Love, J",Jordan Love,,Jordan Love,Love,Jordan,,1998-11-02,1998,11,02,76,219,QB,QB,2020
6j4n2qhzj8,6j4n2qhzj8,4571557,26763,spencer-shrader,00-0039576,21808,ShraSp00,12185,2d7fa2f0-07d6-11ef-b188-b11373ae105b,Q126114516,41499,S.Shrader,Spencer,Spencer Shrader,"Shrader, Spencer","Shrader, S",Spencer Shrader,,Spencer Shrader,Shrader,Spencer,,1999-05-19,1999,05,19,74,201,K,SPEC,2024
6jtyc0w3b0,6jtyc0w3b0,3050481,17826,tanner-hudson,00-0034613,16740,HudsTa00,5409,2fa75e05-cac4-4b40-8924-dbc9ae0c959c,Q66994659,31257,T.Hudson,Tanner,Tanner Hudson,"Hudson, Tanner","Hudson, T",Tanner Hudson,,Tanner Hudson,Hudson,Tanner,,1994-11-12,1994,11,12,77,241,TE,TE,2018
6nsn4xmn90,6nsn4xmn90,4890373,28165,bauer-sharp,00-0041094,23216,SharBa00,13308,613e095e-7bd0-4e02-b21d-fc3f846b0937,Q130235350,42807,B.Sharp,Bauer,Bauer Sharp,"Sharp, Bauer","Sharp, B",Bauer Sharp,,Bauer Sharp,Sharp,Bauer,,2003-05-03,2003,05,03,77,246,TE,TE,2026
6pxwycv8c0,6pxwycv8c0,4432374,27596,ahmani-marshall,00-0040260,22439,MarsAh00,12797,c18cabc0-2321-11f0-80a0-bb24566134d1,Q136652161,42092,A.Marshall,Ahmani,Ahmani Marshall,"Marshall, Ahmani","Marshall, A",Ahmani Marshall,,Ahmani Marshall,Marshall,Ahmani,,2002-03-21,2002,03,21,73,225,RB,RB,2025
6qg874mdqw,6qg874mdqw,4696044,28401,kaelon-black,00-0041052,23064,BlacKa00,13414,4dea3ae1-8c53-4ef1-bd72-e2d2dfb3fa97,Q137391681,42712,K.Black,Kaelon,Kaelon Black,"Black, Kaelon","Black, K",Kaelon Black,,Kaelon Black,Black,Kaelon,,2001-10-17,2001,10,17,69,208,RB,RB,2026
6rvj8v6lr4,6rvj8v6lr4,4241374,24180,grant-calcaterra,00-0037086,19731,CalcGr00,8177,f6988cfa-2dcf-490b-ac80-9af8e4292efa,Q110265821,34154,G.Calcaterra,Grant,Grant Calcaterra,"Calcaterra, Grant","Calcaterra, G",Grant Calcaterra,,Grant Calcaterra,Calcaterra,Grant,,1998-12-04,1998,12,04,76,240,TE,TE,2022
6sc0cvtkf0,6sc0cvtkf0,2576336,13924,ameer-abdullah,00-0032104,13582,AbduAm00,2359,c5e430c5-7a8e-4e29-b30f-1a527f05cb89,Q16148577,28442,A.Abdullah,Ameer,Ameer Abdullah,"Abdullah, Ameer","Abdullah, A",Ameer Abdullah,,Ameer Abdullah,Abdullah,Ameer,,1993-06-13,1993,06,13,69,203,RB,RB,2015
6tv3yhdn9w,6tv3yhdn9w,4248528,23886,christian-watson,00-0038124,19445,WatsCh00,8167,47d97f44-b4aa-46d2-816c-5b5a1fe48d46,Q110903857,33989,C.Watson,Christian,Christian Watson,"Watson, Christian","Watson, C",Christian Watson,,Christian Watson,Watson,Christian,,1999-05-12,1999,05,12,76,215,WR,WR,2022
6yj2ddzrt0,6yj2ddzrt0,4361088,26576,colson-yankoff,00-0039686,21536,YankCo00,11942,8344b150-0667-11ef-8407-311b2612bbe3,Q129950120,41233,C.Yankoff,Colson,Colson Yankoff,"Yankoff, Colson","Yankoff, C",Colson Yankoff,,Colson Yankoff,Yankoff,Colson,,2000-03-01,2000,03,01,76,225,TE,TE,2024
6yq5z3rrl0,6yq5z3rrl0,4708049,26002,gavin-bartholomew,00-0040215,22352,BartGa00,12700,c1b41bdc-c726-4ee5-910f-b5e4a00412a3,Q134136933,41994,G.Bartholomew,Gavin,Gavin Bartholomew,"Bartholomew, Gavin","Bartholomew, G",Gavin Bartholomew,,Gavin Bartholomew,Bartholomew,Gavin,,2003-04-30,2003,04,30,77,249,TE,TE,2025
6z40g2lfvr,6z40g2lfvr,4361411,20163,pat-freiermuth,00-0036894,18792,FreiPa00,7600,04f0fefe-9d9d-44f5-94ea-6df2a42df3c6,Q74946235,33443,P.Freiermuth,Patrick,Pat Freiermuth,"Freiermuth, Pat","Freiermuth, P",Patrick Freiermuth,,Pat Freiermuth,Freiermuth,Pat,,1998-10-25,1998,10,25,77,258,TE,TE,2021
74bqdcnx5m,74bqdcnx5m,4245645,23293,gary-brightwell,00-0036569,19149,BrigGa00,7529,94bde2c7-7229-4bf0-a545-5950cf3c7927,Q106677291,33584,G.Brightwell,Gary,Gary Brightwell,"Brightwell, Gary","Brightwell, G",Gary Brightwell,,Gary Brightwell,Brightwell,Gary,,1998-02-28,1998,02,28,73,218,RB,RB,2021
74px7qmmk0,74px7qmmk0,4036131,17527,noah-fant,00-0035644,17021,FantNo00,5857,cdc98acc-9eb6-4b44-81bb-61d7b8a3b55f,Q52441680,31852,N.Fant,Noah,Noah Fant,"Fant, Noah","Fant, N",Noah Fant,,Noah Fant,Fant,Noah,,1997-11-20,1997,11,20,76,249,TE,TE,2019
787t6knntr,787t6knntr,4426844,23119,elijah-higgins,00-0039041,20346,HiggEl00,10231,a01b7698-d67f-4b60-b2fb-4c667336b718,Q116968518,40226,E.Higgins,Elijah,Elijah Higgins,"Higgins, Elijah","Higgins, E",Elijah Higgins,,Elijah Higgins,Higgins,Elijah,,2000-10-27,2000,10,27,75,245,TE,TE,2023
7brhwek8qm,7brhwek8qm,4249417,23770,jalen-tolbert,00-0037666,19453,TolbJa00,8117,c6fb9f3a-f8ff-4224-a5f6-4d2d09501c9c,Q108677281,34044,J.Tolbert,Jalen,Jalen Tolbert,"Tolbert, Jalen","Tolbert, J",Jalen Tolbert,,Jalen Tolbert,Tolbert,Jalen,,1999-02-27,1999,02,27,73,195,WR,WR,2022
7dx90qs7k4,7dx90qs7k4,4429795,22968,jahmyr-gibbs,00-0039139,20272,GibbJa01,9221,fef9457e-6497-47de-9bf2-cc3b95929375,Q100193610,40059,J.Gibbs,Jahmyr,Jahmyr Gibbs,"Gibbs, Jahmyr","Gibbs, J",Jahmyr Gibbs,,Jahmyr Gibbs,Gibbs,Jahmyr,,2002-03-20,2002,03,20,69,202,RB,RB,2023
7erp9f5qxr,7erp9f5qxr,3127310,18561,drew-sample,00-0035631,17225,SampDr00,6001,15a4f552-ecaf-45bd-9006-aa5dda93bee6,Q63346900,31884,D.Sample,Drew,Drew Sample,"Sample, Drew","Sample, D",Drew Sample,,Drew Sample,Sample,Drew,,1996-04-16,1996,04,16,77,260,TE,TE,2019
7f53vldbpm,7f53vldbpm,4243176,25731,brady-russell,00-0038488,20857,RussBr00,11280,c3c08060-eb74-11ed-aecd-85bc826ed43e,Q119241852,40519,B.Russell,Brady,Brady Russell,"Russell, Brady","Russell, B",Brady Russell,,Brady Russell,Russell,Brady,,1998-08-31,1998,08,31,75,250,RB,RB,2023
7f7v2ngnm0,7f7v2ngnm0,4429148,23104,theo-johnson,00-0039847,21181,JohnTh00,11597,a5d4bb1d-c130-47c2-808a-2dd1f85005fb,Q121079734,41003,T.Johnson,Theodore,Theo Johnson,"Johnson, Theo","Johnson, T",Theodore Johnson,,Theo Johnson,Johnson,Theo,,2001-02-26,2001,02,26,78,264,TE,TE,2024
7flf6622yr,7flf6622yr,4369863,25287,cedric-tillman,00-0038979,20290,TillCe01,10444,148330d9-5182-4b58-b695-8067aaba4731,Q110486805,40093,C.Tillman,Cedric,Cedric Tillman,"Tillman, Cedric","Tillman, C",Cedric Tillman,,Cedric Tillman,Tillman,Cedric,,2000-04-19,2000,04,19,75,215,WR,WR,2023
7hfg99gzc4,7hfg99gzc4,4259545,19210,dandre-swift,00-0036275,17961,SwifDA00,6790,cc4b5f58-a11c-4450-a1df-617ad88336e4,Q52693227,32705,D.Swift,D'Andre,D'Andre Swift,"Swift, D'Andre","Swift, D",D'Andre Swift,,D'Andre Swift,Swift,D'Andre,,1999-01-14,1999,01,14,68,204,RB,RB,2020
7j4pbqk9b8,7j4pbqk9b8,4723820,28127,omar-cooper-jr,00-0041511,22948,CoopOm00,13276,72594204-b4a9-4f08-907d-029d8a425ddb,Q136432693,42652,O.Cooper,Omar,Omar Cooper,"Cooper, Omar","Cooper, O",Omar Cooper Jr.,Jr.,Omar Cooper Jr.,Cooper,Omar,,2003-12-14,2003,12,14,72,199,WR,WR,2026
7jx8eh1kfm,7jx8eh1kfm,4360967,26003,brevyn-spann-ford,00-0039530,21662,SpanBr00,11593,efc8d800-072b-11ef-892f-5b772aae3c25,Q121160147,41371,B.Spann-Ford,Brevyn,Brevyn Spann-Ford,"Spann-Ford, Brevyn","Spann-Ford, B",Brevyn Spann-Ford,,Brevyn Spann-Ford,Spann-Ford,Brevyn,,1999-12-27,1999,12,27,78,265,TE,TE,2024
7r1ncnznm4,7r1ncnznm4,4429205,23107,jordan-addison,00-0038994,20274,AddiJo00,9756,63fdd64e-1a23-4b77-9536-b1609f3a708c,Q108776267,40042,J.Addison,Jordan,Jordan Addison,"Addison, Jordan","Addison, J",Jordan Addison,,Jordan Addison,Addison,Jordan,,2002-01-27,2002,01,27,71,179,WR,WR,2023
7rstxrwy24,7rstxrwy24,4372505,25346,payne-durham,00-0039050,20342,DurhPa00,10227,c4a8b4c9-5db8-4187-852b-9557bef8724e,Q115441650,40193,P.Durham,William,Payne Durham,"Durham, Payne","Durham, P",William Durham,,Payne Durham,Durham,Payne,,2000-06-15,2000,06,15,77,255,TE,TE,2023
7yjh9c2f3w,7yjh9c2f3w,4613104,26023,malachi-corley,00-0039920,21142,CorlMa00,11617,bae59933-8b94-4837-990e-f0a4ced3cdbb,Q120922131,40944,M.Corley,Malachi,Malachi Corley,"Corley, Malachi","Corley, M",Malachi Corley,,Malachi Corley,Corley,Malachi,,2002-03-21,2002,03,21,71,215,WR,WR,2024
7zkt6hbyy0,7zkt6hbyy0,4428718,25337,tre-tucker,00-0038563,20357,TuckTr00,10213,9beb72c5-5a81-413c-ada3-ff4854c95cf4,Q116200615,40114,T.Tucker,Tre,Tre Tucker,"Tucker, Tre","Tucker, T",Tre Tucker,,Tre Tucker,Tucker,Tre,,2001-03-08,2001,03,08,68,177,WR,WR,2023
806mfh6zyw,806mfh6zyw,3043275,15581,austin-hooper,00-0032392,14374,HoopAu00,3202,90c2a93f-d837-4e1b-b57c-56648903a8db,Q22077997,29315,A.Hooper,Austin,Austin Hooper,"Hooper, Austin","Hooper, A",Austin Hooper,,Austin Hooper,Hooper,Austin,,1994-10-29,1994,10,29,76,254,TE,TE,2016
80rmhmf010,80rmhmf010,4876132,28155,josh-cuevas,00-0040887,23118,CuevJo00,13273,39c65aa3-f28d-4b3e-8cd6-e204cf33ce27,Q136802873,42782,J.Cuevas,Josh,Josh Cuevas,"Cuevas, Josh","Cuevas, J",Josh Cuevas,,Josh Cuevas,Cuevas,Josh,,2002-09-25,2002,09,25,75,245,TE,TE,2026
810rd58m54,810rd58m54,4596448,25981,bucky-irving,00-0039361,21136,IrviBu00,11584,c5249c6f-bd1b-4352-8228-de2bd499ca0d,Q114818783,40993,B.Irving,Mar'Keise,Bucky Irving,"Irving, Bucky","Irving, B",Mar'Keise Irving,,Bucky Irving,Irving,Bucky,,2002-08-19,2002,08,19,70,194,RB,RB,2024
83z0q7yet8,83z0q7yet8,2975417,17145,patrick-ricard,00-0033376,15977,RicaPa00,4353,cb68b95f-ef6f-4e5e-b861-8bfe6cfeacf5,Q42290074,30592,P.Ricard,Patrick,Patrick Ricard,"Ricard, Patrick","Ricard, P",Patrick Ricard,,Patrick Ricard,Ricard,Patrick,,1994-05-27,1994,05,27,75,300,RB,RB,2017
88ylnsywrh,88ylnsywrh,4036032,24572,brittain-brown,00-0037329,19710,BrowBr06,8423,387c8819-5892-4528-ac33-0ec72b24cc2f,Q111787485,34206,B.Brown,Brittain,Brittain Brown,"Brown, Brittain","Brown, B",Brittain Brown,,Brittain Brown,Brown,Brittain,,1997-10-10,1997,10,10,73,205,RB,RB,2022
899018kh7w,899018kh7w,4686468,23079,seth-mcgowan,00-0041125,22945,McGoSe01,13424,17deebdc-0ec2-4f3f-9584-d21b01743265,Q137356492,42859,S.McGowan,Seth,Seth McGowan,"McGowan, Seth","McGowan, S",Seth McGowan,,Seth McGowan,McGowan,Seth,,2001-10-23,2001,10,23,73,223,RB,RB,2026
8b7yq283xd,8b7yq283xd,5081397,27102,dylan-sampson,00-0040162,22099,SampDy00,12469,6ea71d26-623a-4178-a93a-215678244902,Q126285126,41907,D.Sampson,Dylan,Dylan Sampson,"Sampson, Dylan","Sampson, D",Dylan Sampson,,Dylan Sampson,Sampson,Dylan,,2004-09-14,2004,09,14,68,201,RB,RB,2025
8cynscb778,8cynscb778,4430878,23070,jaxon-smith-njigba,00-0038543,20273,SmitJa06,9488,6215db71-1e13-4c62-8f14-2005d33dee47,Q108576604,40041,J.Smith-Njigba,Jaxon,Jaxon Smith-Njigba,"Smith-Njigba, Jaxon","Smith-Njigba, J",Jaxon Smith-Njigba,,Jaxon Smith-Njigba,Smith-Njigba,Jaxon,,2002-02-14,2002,02,14,72,202,WR,WR,2023
8fb1sy1p0w,8fb1sy1p0w,4372016,19790,jaylen-waddle,00-0036613,18781,WaddJa00,7526,0ff9a975-669d-4851-a95d-ab28d9fc29c4,Q66648641,33394,J.Waddle,Jaylen,Jaylen Waddle,"Waddle, Jaylen","Waddle, J",Jaylen Waddle,,Jaylen Waddle,Waddle,Jaylen,,1998-11-25,1998,11,25,70,185,WR,WR,2021
8jk11f9c8r,8jk11f9c8r,4038441,18256,justice-hill,00-0034975,17020,HillJu00,5995,528e71ec-8fb3-4928-ace5-fc5ffbf26eb3,Q29913288,31945,J.Hill,Justice,Justice Hill,"Hill, Justice","Hill, J",Justice Hill,,Justice Hill,Hill,Justice,,1997-11-14,1997,11,14,70,205,RB,RB,2019
8n5bh12jew,8n5bh12jew,4040715,19275,jalen-hurts,00-0036389,17999,HurtJa00,6904,64bd0f02-6a5d-407e-98f1-fd02048ea21d,Q26923572,32723,J.Hurts,Jalen,Jalen Hurts,"Hurts, Jalen","Hurts, J",Jalen Hurts,,Jalen Hurts,Hurts,Jalen,,1998-08-07,1998,08,07,73,223,QB,QB,2020
8nc61tex78,8nc61tex78,5082630,27076,jalen-royals,00-0040646,22107,RoyaJa00,12505,0ef78810-a38b-4444-b3b9-fb8b293c567d,Q125716916,41891,J.Royals,Jalen,Jalen Royals,"Royals, Jalen","Royals, J",Jalen Royals,,Jalen Royals,Royals,Jalen,,2003-02-18,2003,02,18,72,195,WR,WR,2025
8nm76w4kxm,8nm76w4kxm,4689936,26075,jake-bates,00-0039172,21105,BateJa00,11539,3a724be0-3075-11ee-bdab-4565792ee2a3,Q125245637,40835,J.Bates,Jake,Jake Bates,"Bates, Jake","Bates, J",Jake Bates,,Jake Bates,Bates,Jake,,1999-03-03,1999,03,03,70,205,K,SPEC,2024
8qwfx89sn0,8qwfx89sn0,15168,11425,case-keenum,00-0028986,11651,KeenCa00,1737,1b3d350a-478b-4542-a430-d12cc96adc22,Q5048309,26483,C.Keenum,Casey,Case Keenum,"Keenum, Case","Keenum, C",Casey Keenum,,Case Keenum,Keenum,Case,,1988-02-17,1988,02,17,73,220,QB,QB,2012
8y25g6bjcr,8y25g6bjcr,3930066,19483,van-jefferson,00-0036415,18015,JeffVa00,6853,8e1285f7-6e4c-41e4-aac9-92e09f9f32b2,Q83688796,32727,V.Jefferson,Vanchii,Van Jefferson,"Jefferson, Van","Jefferson, V",Vanchii Jefferson,,Van Jefferson,Jefferson,Van,,1996-07-26,1996,07,26,73,200,WR,WR,2020
8zzkpfrnzd,8zzkpfrnzd,4429805,25980,frank-gore-jr,00-0039471,21166,GoreFr01,11573,cd4c8e90-06f7-11ef-a3ab-0317e25dec4e,Q109591476,41243,F.Gore,Franklin,Frank Gore,"Gore, Frank","Gore, F",Franklin Gore Jr.,Jr.,Frank Gore Jr.,Gore,Frank,,2002-03-13,2002,03,13,68,201,RB,RB,2024
904ft2n8m4,904ft2n8m4,11252,9300,joe-flacco,00-0026158,7090,FlacJo00,19,64797df2-efd3-4b27-86ee-1d48f7edb09f,Q795406,8795,J.Flacco,Joseph,Joe Flacco,"Flacco, Joe","Flacco, J",Joseph Flacco,,Joe Flacco,Flacco,Joe,,1985-01-16,1985,01,16,78,245,QB,QB,2008
91rzv6g6rw,91rzv6g6rw,4360978,26922,david-martin-robinson,00-0039648,21973,MartDa01,12357,dad0d560-0c9e-11ef-b2f4-ab1e3a869265,Q129675951,41662,D.Martin-Robinson,David,David Martin-Robinson,"Martin-Robinson, David","Martin-Robinson, D",David Martin-Robinson,,David Martin-Robinson,Martin-Robinson,David,,1999-12-26,1999,12,26,75,255,TE,TE,2024
93ftjq88l0,93ftjq88l0,4567048,23021,kenneth-walker-rb,00-0038134,19430,WalkKe00,8151,22ee9bac-a64c-4d44-94fc-51d775465b3b,Q108602387,33996,K.Walker,Kenneth,Kenneth Walker,"Walker, Kenneth","Walker, K",Kenneth Walker III,III,Kenneth Walker III,Walker,Kenneth,,2000-10-20,2000,10,20,69,211,RB,RB,2022
94xvx8g2g4,94xvx8g2g4,2975863,16706,eric-saubert,00-0033576,15366,SaubEr00,4189,582dc00e-e7ec-4ca7-bff0-f7b1d604017b,Q29635055,30287,E.Saubert,Eric,Eric Saubert,"Saubert, Eric","Saubert, E",Eric Saubert,,Eric Saubert,Saubert,Eric,,1994-05-09,1994,05,09,77,248,TE,TE,2017
95drd7d7jd,95drd7d7jd,5085189,27501,jack-endries,00-0041116,23133,EndrJa00,13282,086abbb5-f5ce-4188-8c77-2808a10e3402,Q132626401,42843,J.Endries,Jack,Jack Endries,"Endries, Jack","Endries, J",Jack Endries,,Jack Endries,Endries,Jack,,2004-03-26,2004,03,26,77,245,TE,TE,2026
960jnwdkx4,960jnwdkx4,4568490,27142,rj-harvey,00-0040730,22111,HarvRJ00,12489,fc6dbb83-b2b1-4962-b793-e79b2378b525,Q123514848,41845,R.Harvey,Robert,RJ Harvey,"Harvey, RJ","Harvey, R",Robert Harvey,,RJ Harvey,Harvey,RJ,,2001-02-04,2001,02,04,69,208,RB,RB,2025
96y4t6fyr8,96y4t6fyr8,4260394,24330,aidan-oconnell,00-0038579,20481,OConAi00,10866,5891a917-9071-4bc2-a652-7f702c44cbd2,Q110337160,40138,A.O'Connell,Aidan,Aidan O'Connell,"O'Connell, Aidan","O'Connell, A",Aidan O'Connell,,Aidan O'Connell,O'Connell,Aidan,,1998-09-01,1998,09,01,75,211,QB,QB,2023
989lcxs8hm,989lcxs8hm,4426948,26328,luke-mccaffrey,00-0039355,21168,McCaLu00,11650,5cfd82f8-9e73-48d7-914e-9051ff52d67d,Q95227652,40964,L.McCaffrey,Luke,Luke McCaffrey,"McCaffrey, Luke","McCaffrey, L",Luke McCaffrey,,Luke McCaffrey,McCaffrey,Luke,,2001-04-02,2001,04,02,74,195,WR,WR,2024
98ekbd5b14,98ekbd5b14,3126486,18244,deebo-samuel,00-0035719,17019,SamuDe00,5872,628a6a0a-4fde-4024-8d7c-28674953d5af,Q48885295,31868,D.Samuel,Tyshun,Deebo Samuel,"Samuel, Deebo","Samuel, D",Tyshun Samuel Sr.,Sr.,Deebo Samuel Sr.,Samuel,Deebo,,1996-01-15,1996,01,15,72,215,WR,WR,2019
99hr3p9ted,99hr3p9ted,2969939,13891,jameis-winston,00-0031503,13529,WinsJa00,2306,fb3b36fc-b985-4807-8199-d038d7e62a93,Q6127917,28389,J.Winston,Jameis,Jameis Winston,"Winston, Jameis","Winston, J",Jameis Winston,,Jameis Winston,Winston,Jameis,,1994-01-06,1994,01,06,76,231,QB,QB,2015
99q644st7m,99q644st7m,4695404,25977,isaiah-davis,00-0039798,21161,DaviIs00,11571,849789be-b8f0-4d97-a777-2fcf336efa6a,Q120970539,41031,I.Davis,Isaiah,Isaiah Davis,"Davis, Isaiah","Davis, I",Isaiah Davis,,Isaiah Davis,Davis,Isaiah,,2002-02-21,2002,02,21,73,220,RB,RB,2024
9cd0nlnt5m,9cd0nlnt5m,4572680,25298,tucker-kraft,00-0038996,20312,KrafTu00,9484,3a084c5f-6b9f-4703-a0c7-1566bc4b1129,Q113335165,40102,T.Kraft,Tucker,Tucker Kraft,"Kraft, Tucker","Kraft, T",Tucker Kraft,,Tucker Kraft,Kraft,Tucker,,2000-11-03,2000,11,03,77,259,TE,TE,2023
9d3w2xyky8,9d3w2xyky8,4702559,25430,oscar-delp,00-0041041,22970,DelpOs01,13319,e30ac2bf-f359-4913-8e92-0a97a7ebf289,Q114208797,42695,O.Delp,Oscar,Oscar Delp,"Delp, Oscar","Delp, O",Oscar Delp,,Oscar Delp,Delp,Oscar,,2003-08-04,2003,08,04,77,245,TE,TE,2026
9edybk94yd,9edybk94yd,4428085,25282,luke-musgrave,00-0039144,20303,MusgLu00,9481,77a4fb49-3c6c-4aa1-8a21-20956e2d2240,Q113861514,40074,L.Musgrave,Luke,Luke Musgrave,"Musgrave, Luke","Musgrave, L",Luke Musgrave,,Luke Musgrave,Musgrave,Luke,,2000-09-02,2000,09,02,78,253,TE,TE,2023
9hwrj2r4mr,9hwrj2r4mr,4431346,23182,mark-redman,00-0040598,22657,RedmMa00,13013,f9801b70-254c-11f0-85e6-ad6d4b9a9b15,Q136721553,42323,M.Redman,Mark,Mark Redman,"Redman, Mark","Redman, M",Mark Redman,,Mark Redman,Redman,Mark,,2002-01-20,2002,01,20,77,258,TE,TE,2025
9jldsr90y8,9jldsr90y8,4426502,23163,drake-london,00-0037238,19433,LondDr00,8112,5053f9ae-15d9-4730-833d-484886b6f890,Q100877251,33963,D.London,Drake,Drake London,"London, Drake","London, D",Drake London,,Drake London,London,Drake,,2001-07-24,2001,07,24,76,215,WR,WR,2022
9l3rqdws5w,9l3rqdws5w,4808759,26025,camden-brown,00-0040930,23392,,13726,4d049250-4278-11f1-b3d1-bb3960424d63,Q141106485,43059,C.Brown,Camden,Camden Brown,"Brown, Camden","Brown, C",Camden Brown,,Camden Brown,Brown,Camden,,2004-05-06,2004,05,06,74,204,WR,WR,2026
9m4c4yr5pw,9m4c4yr5pw,4688835,25387,roman-hemby,00-0040998,23486,HembRo00,13416,f5d02460-4194-11f1-b42b-111a688b2d6a,Q115492469,42941,R.Hemby,Roman,Roman Hemby,"Hemby, Roman","Hemby, R",Roman Hemby,,Roman Hemby,Hemby,Roman,,2002-08-16,2002,08,16,72,210,RB,RB,2026
9ngymgkbrh,9ngymgkbrh,4688813,24706,josh-downs,00-0038997,20283,DownJo00,9500,dd227f4a-0785-482d-a28b-f231c7f3b73f,Q108819388,40126,J.Downs,Josh,Josh Downs,"Downs, Josh","Downs, J",Josh Downs,,Josh Downs,Downs,Josh,,2001-08-12,2001,08,12,69,171,WR,WR,2023
9p1tdjhs38,9p1tdjhs38,4430870,24372,keandre-lambert-smith,00-0040184,22336,LambKe01,12670,2f6580d2-6f19-4a03-99e8-4dbd9ebf2a73,Q120922125,41944,K.Lambert-Smith,KeAndre,KeAndre Lambert-Smith,"Lambert-Smith, KeAndre","Lambert-Smith, K",KeAndre Lambert-Smith,,KeAndre Lambert-Smith,Lambert-Smith,KeAndre,,2001-10-16,2001,10,16,73,182,WR,WR,2025
9pn2rwl8yr,9pn2rwl8yr,4697815,23891,rachaad-white,00-0037256,19436,WhitRa01,8136,4d3f2f57-215c-4cb4-bf75-a7ecdcdded70,Q108761971,34047,R.White,Rachaad,Rachaad White,"White, Rachaad","White, R",Rachaad White,,Rachaad White,White,Rachaad,,1999-01-12,1999,01,12,72,214,RB,RB,2022
9r8vjfge7r,9r8vjfge7r,4685472,25417,tetairoa-mcmillan,00-0040124,22059,McMiTe00,12526,874de000-586c-4999-ac12-02766563e200,Q114604701,41793,T.McMillan,Tetairoa,Tetairoa McMillan,"McMillan, Tetairoa","McMillan, T",Tetairoa McMillan,,Tetairoa McMillan,McMillan,Tetairoa,,2003-04-05,2003,04,05,76,219,WR,WR,2025
9retnhzt84,9retnhzt84,4361741,19797,brock-purdy,00-0037834,19742,PurdBr00,8183,d5aef708-ad61-4ab8-a637-62ff96e92040,Q71605297,34218,B.Purdy,Brock,Brock Purdy,"Purdy, Brock","Purdy, B",Brock Purdy,,Brock Purdy,Purdy,Brock,,1999-12-27,1999,12,27,73,220,QB,QB,2022
9y2z9blztm,9y2z9blztm,4379399,22958,james-cook,00-0037248,19467,CookJa01,8138,ce5de0e5-9f76-42ee-b93a-3ef88af9b0a7,Q109849794,34019,J.Cook,James,James Cook,"Cook, James","Cook, J",James Cook,III,James Cook,Cook,James,,1999-09-25,1999,09,25,71,190,RB,RB,2022
b06fs15b10,b06fs15b10,3924327,18225,drew-lock,00-0035704,17012,LockDr00,5854,94325301-e0ad-4a9f-a0e5-ffec0f529be3,Q27048977,31874,D.Lock,Paul,Drew Lock,"Lock, Drew","Lock, D",Paul Lock,,Drew Lock,Lock,Drew,,1996-11-10,1996,11,10,76,228,QB,QB,2019
b0g9hb1q84,b0g9hb1q84,4696700,26432,tip-reiman,00-0039737,21221,ReimTi00,11716,44767e85-080f-4212-b2f2-cba160c81a9f,Q124728838,40959,T.Reiman,Tip,Tip Reiman,"Reiman, Tip","Reiman, T",Tip Reiman,,Tip Reiman,Reiman,Tip,,2001-09-17,2001,09,17,77,271,TE,TE,2024
b0jh2nx10m,b0jh2nx10m,15864,11687,geno-smith,00-0030565,11818,SmitGe00,1373,cfc93f5e-105e-4a5e-88d3-f4279893cfa8,Q59497,26662,G.Smith,Eugene,Geno Smith,"Smith, Geno","Smith, G",Eugene Smith,,Geno Smith,Smith,Geno,,1990-10-10,1990,10,10,75,221,QB,QB,2013
b14e6f4gem,b14e6f4gem,4040655,19810,darnell-mooney,00-0036309,18169,MoonDa00,7090,bafe8df1-66b5-4200-8fb3-ff188c25a4e2,Q91936104,32843,D.Mooney,Darnell,Darnell Mooney,"Mooney, Darnell","Mooney, D",Darnell Mooney,,Darnell Mooney,Mooney,Darnell,,1997-10-29,1997,10,29,71,180,WR,WR,2020
b1dmws3204,b1dmws3204,4682652,23682,devin-neal,00-0040202,22104,NealDe00,12476,4ef874c1-50c3-4120-9199-0d5a4ae7c6dd,Q115492056,41972,D.Neal,Devin,Devin Neal,"Neal, Devin","Neal, D",Devin Neal,,Devin Neal,Neal,Devin,,2003-08-12,2003,08,12,71,213,RB,RB,2025
b1qkhmtfpm,b1qkhmtfpm,4241820,19803,sam-ehlinger,00-0036879,19121,EhliSa00,7583,59f4acd0-971a-4470-ab8d-17900a4b128a,Q42301562,33606,S.Ehlinger,Samuel,Sam Ehlinger,"Ehlinger, Sam","Ehlinger, S",Samuel Ehlinger,,Sam Ehlinger,Ehlinger,Sam,,1998-09-30,1998,09,30,74,225,QB,QB,2021
b3kgj1jx1m,b3kgj1jx1m,3921690,18487,josh-oliver,00-0035249,17082,OlivJo00,5973,dc83f7af-7b30-4c4a-9c93-f67bd8db954b,Q63091724,31901,J.Oliver,Josh,Josh Oliver,"Oliver, Josh","Oliver, J",Josh Oliver,,Josh Oliver,Oliver,Josh,,1997-03-21,1997,03,21,77,264,TE,TE,2019
b49pdxmc94,b49pdxmc94,4040612,19501,luke-farrell,00-0036887,19124,FarrLu00,7842,8a1f0e8e-6521-4a94-9934-ad4f76a25fd9,Q106676603,33533,L.Farrell,Luke,Luke Farrell,"Farrell, Luke","Farrell, L",Luke Farrell,,Luke Farrell,Farrell,Luke,,1997-10-14,1997,10,14,77,250,TE,TE,2021
b59s7tgq10,b59s7tgq10,4242540,19375,isaiah-hodgins,00-0036165,17988,HodgIs00,6920,1d1c217b-6407-40d7-aebb-ba95fa05d127,Q73415208,32877,I.Hodgins,Isaiah,Isaiah Hodgins,"Hodgins, Isaiah","Hodgins, I",Isaiah Hodgins,,Isaiah Hodgins,Hodgins,Isaiah,,1998-10-21,1998,10,21,75,201,WR,WR,2020
b5j8mt1e8d,b5j8mt1e8d,4369886,22684,chris-blair,00-0036463,18747,BlaiCh00,7521,9281d541-8bcb-4785-a02e-76150910898e,Q108052763,33376,C.Blair,Chris,Chris Blair,"Blair, Chris","Blair, C",Chris Blair,,Chris Blair,Blair,Chris,,1997-10-06,1997,10,06,74,215,WR,WR,2021
bb7pkmbxbr,bb7pkmbxbr,4570037,23091,terrance-ferguson,00-0040737,22206,FergTe00,12487,fdfc7b8e-a202-4459-91f8-be6e053e5d29,Q123944243,41831,T.Ferguson,Terrance,Terrance Ferguson,"Ferguson, Terrance","Ferguson, T",Terrance Ferguson,,Terrance Ferguson,Ferguson,Terrance,,2003-03-07,2003,03,07,77,252,TE,TE,2025
be1wsssjmh,be1wsssjmh,2573401,15623,tyler-higbee,00-0033110,14743,HigbTy00,3271,0df7912d-9e81-47ea-b4f7-d04986df4ee8,Q24248239,29344,T.Higbee,Tyler,Tyler Higbee,"Higbee, Tyler","Higbee, T",Tyler Higbee,,Tyler Higbee,Higbee,Tyler,,1993-01-01,1993,01,01,78,253,TE,TE,2016
bey442j6p4,bey442j6p4,5097554,26626,kameron-johnson,00-0039589,21634,JohnKa01,11994,94c41960-0712-11ef-b01e-875e1e5d6ffb,Q129824544,41300,K.Johnson,Kameron,Kameron Johnson,"Johnson, Kameron","Johnson, K",Kameron Johnson,,Kameron Johnson,Johnson,Kameron,,2002-03-17,2002,03,17,70,170,WR,WR,2024
bflbkx7bdd,bflbkx7bdd,4426553,23761,davis-allen,00-0039074,20557,AlleDa02,10214,02a77d8c-3b89-4a61-86a2-0c005c1e589a,Q115495089,40164,D.Allen,Davis,Davis Allen,"Allen, Davis","Allen, D",Davis Allen,,Davis Allen,Allen,Davis,,2001-02-03,2001,02,03,78,253,TE,TE,2023
bfn1cz3szm,bfn1cz3szm,4258173,20130,nico-collins,00-0036554,18836,CollNi00,7569,bd56a50c-5fae-4ee2-8363-f74ae07b6887,Q80982985,33477,N.Collins,Nico,Nico Collins,"Collins, Nico","Collins, N",Nico Collins,,Nico Collins,Collins,Nico,,1999-03-19,1999,03,19,76,222,WR,WR,2021
bg09vffbn8,bg09vffbn8,16002,11798,kyle-juszczyk,00-0029892,11911,JuszKy00,1379,67da5b5c-0db9-4fbc-b98d-7eb8e97b69f6,Q14950145,26753,K.Juszczyk,Kyle,Kyle Juszczyk,"Juszczyk, Kyle","Juszczyk, K",Kyle Juszczyk,,Kyle Juszczyk,Juszczyk,Kyle,,1991-04-23,1991,04,23,74,235,FB,RB,2013
bhl8lfsj1m,bhl8lfsj1m,4685201,24740,tanner-mckee,00-0038400,20297,McKeTa01,9230,93147c90-09c8-471d-a6b2-0b9d19739ba1,Q108681642,40220,T.McKee,Tanner,Tanner McKee,"McKee, Tanner","McKee, T",Tanner McKee,,Tanner McKee,McKee,Tanner,,2000-04-27,2000,04,27,78,230,QB,QB,2023
bhrcs4wd8m,bhrcs4wd8m,4880281,26035,jordyn-tyson,00-0041029,22931,TysoJo00,13281,5368ab1c-5463-4326-86c0-17c06bf51c9d,Q131228425,42630,J.Tyson,Jordyn,Jordyn Tyson,"Tyson, Jordyn","Tyson, J",Jordyn Tyson,,Jordyn Tyson,Tyson,Jordyn,,2004-08-12,2004,08,12,74,200,WR,WR,2026
bj5nhmb6p4,bj5nhmb6p4,2576925,14104,darren-waller,00-0031610,13738,WallDa01,2505,14c97c9f-26e8-4944-9299-f90de6aeada3,Q21038865,28592,D.Waller,Darren,Darren Waller,"Waller, Darren","Waller, D",Darren Waller,,Darren Waller,Waller,Darren,,1992-09-13,1992,09,13,78,245,TE,TE,2015
bj95r6p7vd,bj95r6p7vd,4431268,27315,chimere-dike,00-0040705,22269,DikeCh00,12540,1e95c7fc-ecf7-4fcb-82d8-d77e2b6872d5,Q126370762,41903,C.Dike,Chimere,Chimere Dike,"Dike, Chimere","Dike, C",Chimere Dike,,Chimere Dike,Dike,Chimere,,2001-12-14,2001,12,14,73,196,WR,WR,2025
blnqqrmpk0,blnqqrmpk0,4433959,27843,ben-yurosek,00-0040509,22780,YuroBe00,13121,1f3d48b0-2629-11f0-9dca-47cf7c5385b0,Q113481927,42434,B.Yurosek,Benjamin,Ben Yurosek,"Yurosek, Ben","Yurosek, B",Benjamin Yurosek,,Ben Yurosek,Yurosek,Ben,,2002-03-17,2002,03,17,76,251,TE,TE,2025
bmfsvzmfer,bmfsvzmfer,4715355,27866,darius-cooper,00-0040024,22809,CoopDa01,13150,2aa4ddb0-2775-11f0-9d31-3b5afe6c6d5f,Q135672064,42464,D.Cooper,Darius,Darius Cooper,"Cooper, Darius","Cooper, D",Darius Cooper,,Darius Cooper,Cooper,Darius,,2001-11-22,2001,11,22,71,210,WR,WR,2025
bpfx2ccd7h,bpfx2ccd7h,4426386,25322,roschon-johnson,00-0039021,20334,JohnRo07,10235,e3c414c0-be8c-4807-af9c-f91d89c83e60,Q114060536,40162,R.Johnson,Roschon,Roschon Johnson,"Johnson, Roschon","Johnson, R",Roschon Johnson,,Roschon Johnson,Johnson,Roschon,,2001-01-31,2001,01,31,72,227,RB,RB,2023
bprsm7p7sr,bprsm7p7sr,3915486,17598,tyler-conklin,00-0034270,16379,ConkTy00,5133,f0d17dfa-ebf3-416c-a8d2-c6bc30675103,Q52423823,31127,T.Conklin,Tyler,Tyler Conklin,"Conklin, Tyler","Conklin, T",Tyler Conklin,,Tyler Conklin,Conklin,Tyler,,1995-07-30,1995,07,30,75,245,TE,TE,2018
bq5p5k9hqh,bq5p5k9hqh,4567750,23062,emeka-egbuka,00-0040129,22063,EgbuEm01,12514,00cea287-1fa0-4584-803f-59f546ef8722,Q113843781,41804,E.Egbuka,Emeka,Emeka Egbuka,"Egbuka, Emeka","Egbuka, E",Emeka Egbuka,,Emeka Egbuka,Egbuka,Emeka,,2002-10-14,2002,10,14,73,205,WR,WR,2025
bxe0j0g46h,bxe0j0g46h,4878695,28434,max-bredeson,00-0041081,23184,BredMa00,13516,e26326b1-f202-4b73-bc4a-df78052b2c23,Q124541772,42799,M.Bredeson,Max,Max Bredeson,"Bredeson, Max","Bredeson, M",Max Bredeson,,Max Bredeson,Bredeson,Max,,2002-10-04,2002,10,04,74,252,RB,RB,2026
bxgww93f44,bxgww93f44,4039050,19270,devin-duvernay,00-0036331,17989,DuveDe00,6847,d93dbc83-e604-4823-a24e-d162cbd8d4d9,Q74433616,32762,D.Duvernay,Devin,Devin Duvernay,"Duvernay, Devin","Duvernay, D",Devin Duvernay,,Devin Duvernay,Duvernay,Devin,,1997-09-12,1997,09,12,71,200,WR,WR,2020
byrh5jbfrr,byrh5jbfrr,4887558,25885,emanuel-wilson,00-0038797,21001,WilsEm00,11435,05266280-f323-11ed-bd27-0bcbcaae8d67,Q122110046,40707,E.Wilson,Emanuel,Emanuel Wilson,"Wilson, Emanuel","Wilson, E",Emanuel Wilson,,Emanuel Wilson,Wilson,Emanuel,,1999-05-08,1999,05,08,70,226,RB,RB,2023
c08v6bmk04,c08v6bmk04,4368003,25335,andrei-iosivas,00-0038619,20337,IosiAn00,10226,30c0df5e-bb77-4eee-8390-8fc13844e1c3,Q115491978,40211,A.Iosivas,Andrei,Andrei Iosivas,"Iosivas, Andrei","Iosivas, A",Andrei Iosivas,,Andrei Iosivas,Iosivas,Andrei,,1999-10-15,1999,10,15,75,210,WR,WR,2023
c0yplzwr7d,c0yplzwr7d,16737,12119,mike-evans,00-0031408,12686,EvanMi00,2216,c48c21d9-0ae5-478c-ad34-30a660cfa9b8,Q14951064,27535,M.Evans,Michael,Mike Evans,"Evans, Mike","Evans, M",Michael Evans,,Mike Evans,Evans,Mike,,1993-08-21,1993,08,21,77,231,WR,WR,2014
c1n6ythfw0,c1n6ythfw0,3916566,19708,kj-osborn,00-0036345,18231,OsboKJ00,7066,3bf5c049-9daa-43ba-9758-c6c895a9d462,Q91934897,32846,K.Osborn,K.J.,K.J. Osborn,"Osborn, K.J.","Osborn, K",K.J. Osborn,,K.J. Osborn,Osborn,K.J.,,1997-06-10,1997,06,10,71,203,WR,WR,2020
c2d41h39p0,c2d41h39p0,4039505,19844,reggie-gilliam,00-0036187,18406,GillRe00,7204,4475bb8a-b5a6-4527-bfc7-8e7e03900984,Q97035209,33357,R.Gilliam,Reggie,Reggie Gilliam,"Gilliam, Reggie","Gilliam, R",Reggie Gilliam,,Reggie Gilliam,Gilliam,Reggie,,1997-08-20,1997,08,20,73,255,RB,RB,2020
cd2tnqmxp0,cd2tnqmxp0,4429059,27520,woody-marks,00-0040583,22109,MarkWo00,12474,b900661b-b5df-47c8-819d-bb13b106a60b,Q124407689,41902,W.Marks,Jo'Quavious,Woody Marks,"Marks, Woody","Marks, W",Jo'Quavious Marks,,Woody Marks,Marks,Woody,,2000-12-29,2000,12,29,70,208,RB,RB,2025
cdt4bn5jwr,cdt4bn5jwr,4430034,26136,xavier-legette,00-0039342,21137,LegeXa00,11626,0bb0c37c-e76b-4529-92b0-b026be4f7d6c,Q122790425,40890,X.Legette,Anthony,Xavier Legette,"Legette, Xavier","Legette, X",Anthony Legette,,Xavier Legette,Legette,Xavier,,2001-01-29,2001,01,29,75,218,WR,WR,2024
ceqnhvqfj0,ceqnhvqfj0,3044720,16417,joshua-dobbs,00-0033949,15357,DobbJo00,4179,15bedebc-839e-450a-86f6-1f5ad1f4f820,Q18637320,30248,J.Dobbs,Robert,Joshua Dobbs,"Dobbs, Joshua","Dobbs, J",Robert Dobbs,,Joshua Dobbs,Dobbs,Joshua,,1995-01-26,1995,01,26,75,220,QB,QB,2017
cjs8qckn70,cjs8qckn70,4257364,25748,zavier-scott,00-0038440,20829,ScotZa00,11299,3b133980-eb9a-11ed-8b52-a11a185238e2,Q124753613,40539,Z.Scott,Zavier,Zavier Scott,"Scott, Zavier","Scott, Z",Zavier Scott,,Zavier Scott,Scott,Zavier,,1999-07-17,1999,07,17,73,221,RB,RB,2023
ck7gwv44k8,ck7gwv44k8,4690070,24370,mitchell-tinsley,00-0038839,20659,TinsMi00,11068,0ac39560-e760-11ed-ad1e-4d786886cff5,Q114088426,40313,M.Tinsley,Mitchell,Mitchell Tinsley,"Tinsley, Mitchell","Tinsley, M",Mitchell Tinsley,,Mitchell Tinsley,Tinsley,Mitchell,,1999-09-15,1999,09,15,73,205,WR,WR,2023
cmex2l5120,cmex2l5120,4690143,27447,lajohntay-wester,00-0040075,22283,WestLa01,12699,f4e1d4de-95e9-452e-95ab-3555989d90bb,Q124254862,42000,L.Wester,LaJohntay,LaJohntay Wester,"Wester, LaJohntay","Wester, L",LaJohntay Wester,,LaJohntay Wester,Wester,LaJohntay,,2002-03-29,2002,03,29,69,170,WR,WR,2025
crn4f6m9cr,crn4f6m9cr,4685702,25391,quinshon-judkins,00-0040784,22062,JudkQu00,12512,268c6ae2-278b-49f8-b7cd-b367944412f3,Q115492439,41821,Q.Judkins,Quinshon,Quinshon Judkins,"Judkins, Quinshon","Judkins, Q",Quinshon Judkins,,Quinshon Judkins,Judkins,Quinshon,,2003-10-29,2003,10,29,72,221,RB,RB,2025
ctjhb4rm20,ctjhb4rm20,4808839,24371,isaiah-bond,00-0040782,22061,BondIs00,12503,6ceb1330-795d-11f0-aadf-fbc926339e02,Q121863369,42598,I.Bond,Isaiah,Isaiah Bond,"Bond, Isaiah","Bond, I",Isaiah Bond,,Isaiah Bond,Bond,Isaiah,,2004-03-15,2004,03,15,71,180,WR,WR,2025
ctzjf2xzxh,ctzjf2xzxh,3912547,17236,sam-darnold,00-0034869,16077,DarnSa00,4943,13d826c5-9b22-4e0a-a877-02d8c84c546b,Q27049069,30973,S.Darnold,Sam,Sam Darnold,"Darnold, Sam","Darnold, S",Sam Darnold,,Sam Darnold,Darnold,Sam,,1997-06-05,1997,06,05,75,225,QB,QB,2018
cz9j05ddjd,cz9j05ddjd,3051889,15495,laquon-treadwell,00-0032951,14784,TreaLa00,3155,2e0badcd-b78c-40ee-a83b-a1bbb36bc545,Q14951171,29257,L.Treadwell,Laquon,Laquon Treadwell,"Treadwell, Laquon","Treadwell, L",Laquon Treadwell,,Laquon Treadwell,Treadwell,Laquon,,1995-06-14,1995,06,14,74,215,WR,WR,2016
d0bey79v6w,d0bey79v6w,2531358,14014,chris-manhertz,00-0031484,13501,ManhCh00,3048,7c7b5515-7786-4e24-9ce0-34e6a8bd5727,Q27049004,28365,C.Manhertz,Christopher,Chris Manhertz,"Manhertz, Chris","Manhertz, C",Christopher Manhertz,,Chris Manhertz,Manhertz,Chris,,1992-04-10,1992,04,10,78,235,TE,TE,2015
d2qbfr78wh,d2qbfr78wh,2576980,13890,marcus-mariota,00-0032268,13530,MariMa01,2307,7c16c04c-04de-41f3-ac16-ad6a9435e3f7,Q6758302,28390,M.Mariota,Marcus,Marcus Mariota,"Mariota, Marcus","Mariota, M",Marcus Mariota,,Marcus Mariota,Mariota,Marcus,,1993-10-30,1993,10,30,76,222,QB,QB,2015
d7fhe27vc4,d7fhe27vc4,4574716,26638,harrison-mevis,00-0039498,21609,MeviHa00,12015,663ada70-0717-11ef-94de-1b2fbd1e412b,Q112131319,41312,H.Mevis,Harrison,Harrison Mevis,"Mevis, Harrison","Mevis, H",Harrison Mevis,,Harrison Mevis,Mevis,Harrison,,2002-03-27,2002,03,27,71,243,K,SPEC,2025
d7p3cc2jzd,d7p3cc2jzd,4692590,25251,jalin-hyatt,00-0038938,20277,HyatJa00,9497,e5f9d339-a89f-4e47-9a84-b89f14550c05,Q114560094,40128,J.Hyatt,Jalin,Jalin Hyatt,"Hyatt, Jalin","Hyatt, J",Jalin Hyatt,,Jalin Hyatt,Hyatt,Jalin,,2001-09-25,2001,09,25,72,185,WR,WR,2023
dbc529yv1w,dbc529yv1w,17427,13731,cairo-santos,00-0031203,13370,SantCa01,2020,d96ff17c-841a-4768-8e08-3a4cfcb7f717,Q5017790,28227,C.Santos,Cairo,Cairo Santos,"Santos, Cairo","Santos, C",Cairo Santos,,Cairo Santos,Santos,Cairo,,1991-11-12,1991,11,12,68,173,K,SPEC,2014
dc4795j3h8,dc4795j3h8,4685382,25395,omarion-hampton,00-0040666,22069,HampOm00,12507,3e1b7908-79ee-4a23-97b9-5190725a2e5e,Q122461052,41807,O.Hampton,Omarion,Omarion Hampton,"Hampton, Omarion","Hampton, O",Omarion Hampton,,Omarion Hampton,Hampton,Omarion,,2003-03-16,2003,03,16,72,220,RB,RB,2025
dchqg2v0s4,dchqg2v0s4,4427834,23837,erick-all,00-0039814,21295,AllxEr00,11592,5523779b-db60-4158-b232-8391bc7db65b,Q109864036,40989,E.All,Erick,Erick All,"All, Erick","All, E",Erick All,Jr.,Erick All,All,Erick,,2000-09-13,2000,09,13,77,255,TE,TE,2024
ddskx0hrp8,ddskx0hrp8,4429023,23118,marshawn-lloyd,00-0039811,21144,LloyMa00,11581,7b8967bc-a3a5-4aa4-bd1f-2846663ca831,Q114686918,40971,M.Lloyd,MarShawn,MarShawn Lloyd,"Lloyd, MarShawn","Lloyd, M",MarShawn Lloyd,,MarShawn Lloyd,Lloyd,MarShawn,,2001-01-05,2001,01,05,69,220,RB,RB,2024
dezr6b8hv4,dezr6b8hv4,3917668,18571,alec-ingold,00-0035125,17718,IngoAl01,6109,7ade135c-0760-4548-b7d9-cf1174e2be33,Q63302700,32344,A.Ingold,Alec,Alec Ingold,"Ingold, Alec","Ingold, A",Alec Ingold,,Alec Ingold,Ingold,Alec,,1996-07-09,1996,07,09,73,232,FB,RB,2019
dhhk2ww6qd,dhhk2ww6qd,4239944,22783,hunter-long,00-0037004,18801,LongHu00,7535,ebc576d0-a98b-4f82-aaf9-901a3911487d,Q100276744,33469,H.Long,Hunter,Hunter Long,"Long, Hunter","Long, H",Hunter Long,,Hunter Long,Long,Hunter,,1998-08-19,1998,08,19,77,243,TE,TE,2021
djhy2ts974,djhy2ts974,4889929,23680,quinn-ewers,00-0040234,22070,EwerQu00,12500,d89f0384-21a6-44e4-8aa6-324cb2103bf6,Q107404742,42037,Q.Ewers,Quinn,Quinn Ewers,"Ewers, Quinn","Ewers, Q",Quinn Ewers,,Quinn Ewers,Ewers,Quinn,,2003-03-15,2003,03,15,74,209,QB,QB,2025
dm0kvmgs3h,dm0kvmgs3h,4569603,26314,malik-washington,00-0039880,21154,WashMa00,11610,d7f4fd2c-ba4f-49ca-bd92-443a506e9eb4,Q123173281,41058,M.Washington,Malik,Malik Washington,"Washington, Malik","Washington, M",Malik Washington,,Malik Washington,Washington,Malik,,2000-10-20,2000,10,20,68,195,WR,WR,2024
dmqwey6xp4,dmqwey6xp4,4698597,25416,barion-brown,00-0041099,23192,BrowBa02,13533,6b60ad35-8051-4253-8f8d-29279a213352,Q115491997,42812,B.Brown,Barion,Barion Brown,"Brown, Barion","Brown, B",Barion Brown,,Barion Brown,Brown,Barion,,2003-12-12,2003,12,12,71,177,WR,WR,2026
ds7e1sr33w,ds7e1sr33w,4430191,23905,skyy-moore,00-0038090,19465,MoorSk01,8168,1c8a4510-786c-4bc2-a9e9-e491b688206f,Q109875281,34009,S.Moore,Skyy,Skyy Moore,"Moore, Skyy","Moore, S",Skyy Moore,,Skyy Moore,Moore,Skyy,,2000-09-10,2000,09,10,70,195,WR,WR,2022
dssdjpk88m,dssdjpk88m,4384852,28178,dohnte-meyers,00-0040785,22925,MeyeDo00,13264,adf036f0-ebe3-11f0-b9c8-cb8413f2962c,Q129182644,42616,D.Meyers,Dohnte,Dohnte Meyers,"Meyers, Dohnte","Meyers, D",Dohnte Meyers,,Dohnte Meyers,Meyers,Dohnte,,2000-07-06,2000,07,06,71,186,WR,WR,2026
dtk286xkzd,dtk286xkzd,4430431,27129,kurtis-rourke,00-0040589,22385,RourKu01,12477,1b412617-dee5-4c07-bdfc-e26eeff7fe80,Q110760884,42009,K.Rourke,Kurtis,Kurtis Rourke,"Rourke, Kurtis","Rourke, K",Kurtis Rourke,,Kurtis Rourke,Rourke,Kurtis,,2000-10-25,2000,10,25,76,221,QB,QB,2025
dxxx8qv4nh,dxxx8qv4nh,4569923,27291,andres-borregales,00-0040200,22356,BorrAn00,12713,80dce1ba-c997-47e6-a37e-e92fefcbdc1b,Q131826890,41980,A.Borregales,Andres,Andy Borregales,"Borregales, Andy","Borregales, A",Andres Borregales,,Andy Borregales,Borregales,Andy,,2003-01-02,2003,01,02,71,202,K,SPEC,2025
e0523k77h8,e0523k77h8,4045305,17387,ian-thomas,00-0034365,16155,ThomIa00,4995,ed8a8fd2-df67-45e7-a34f-984afb82f6ea,Q55614243,31071,I.Thomas,Ian,Ian Thomas,"Thomas, Ian","Thomas, I",Ian Thomas,,Ian Thomas,Thomas,Ian,,1996-06-06,1996,06,06,75,249,TE,TE,2018
e0n7z3hmh8,e0n7z3hmh8,5082424,28176,dominic-zvada,00-0041145,23505,ZvadDo00,13833,f2df2b00-42bd-11f1-a42d-413e277eb123,Q130210070,43171,D.Zvada,Dominic,Dominic Zvada,"Zvada, Dominic","Zvada, D",Dominic Zvada,,Dominic Zvada,Zvada,Dominic,,2003-10-25,2003,10,25,75,187,K,SPEC,2026
e0rsknqwv8,e0rsknqwv8,4259147,24778,jake-tonges,00-0037112,19960,TongJa00,8698,8d9236c0-ce09-11ec-9598-03840dd5f387,Q113686984,34374,J.Tonges,Jake,Jake Tonges,"Tonges, Jake","Tonges, J",Jake Tonges,,Jake Tonges,Tonges,Jake,,1999-07-08,1999,07,08,76,240,TE,TE,2022
e5ebz3gwsw,e5ebz3gwsw,4259553,23927,stetson-bennett,00-0039107,20479,BennSt00,10857,a5cc5958-01f9-4b7d-a8d9-c44625d53ed5,Q101114597,40153,S.Bennett,Stetson,Stetson Bennett,"Bennett, Stetson","Bennett, S",Stetson Bennett,IV,Stetson Bennett,Bennett,Stetson,,1997-10-28,1997,10,28,71,190,QB,QB,2023
e5tg15f6sm,e5tg15f6sm,4683159,28144,lewis-bond,00-0041467,23153,BondLe00,13541,60ce8141-c8fc-4162-8038-bf934d318b96,Q137267132,42826,L.Bond,Lewis,Lewis Bond,"Bond, Lewis","Bond, L",Lewis Bond,,Lewis Bond,Bond,Lewis,,2003-05-29,2003,05,29,71,190,WR,WR,2026
e6j7yxqppw,e6j7yxqppw,4601080,24351,raheim-sanders,00-0040466,22488,SandRa00,12472,09b7c5d0-23ca-11f0-97f8-1902f784caec,Q113857305,42139,R.Sanders,Raheim,Raheim Sanders,"Sanders, Raheim","Sanders, R",Raheim Sanders,,Raheim Sanders,Sanders,Raheim,,2002-06-08,2002,06,08,72,230,RB,RB,2025
ecj31cy2c0,ecj31cy2c0,4432722,28098,athan-kaliakmanis,00-0041117,23225,KaliAt00,13557,c2490c0e-35c5-4c61-abb8-ac003a6eebac,Q120753451,42845,A.Kaliakmanis,Athan,Athan Kaliakmanis,"Kaliakmanis, Athan","Kaliakmanis, A",Athan Kaliakmanis,,Athan Kaliakmanis,Kaliakmanis,Athan,,2003-08-20,2003,08,20,75,212,QB,QB,2026
ed399vdpvh,ed399vdpvh,4429684,26404,anthony-gould,00-0039816,21376,GoulAn00,11762,f1f3f15f-f4a5-4d6e-b075-95f4815a384e,Q121033005,41046,A.Gould,Anthony,Anthony Gould,"Gould, Anthony","Gould, A",Anthony Gould,,Anthony Gould,Gould,Anthony,,2001-04-06,2001,04,06,68,174,WR,WR,2024
ednvt8hm3r,ednvt8hm3r,3918298,17298,josh-allen-qb,00-0034857,16074,AlleJo02,4984,3069db07-aa43-4503-ab11-2ae5c0002721,Q27966578,30977,J.Allen,Joshua,Josh Allen,"Allen, Josh","Allen, J",Joshua Allen,,Josh Allen,Allen,Josh,,1996-05-21,1996,05,21,77,237,QB,QB,2018
eed02e2mld,eed02e2mld,5081432,25418,antonio-williams-wr,00-0041040,22956,WillAn04,13301,d80b6d95-5b56-4e52-9a19-05957961f506,Q115110322,42693,A.Williams,Antonio,Antonio Williams,"Williams, Antonio","Williams, A",Antonio Williams,,Antonio Williams,Williams,Antonio,,2004-07-14,2004,07,14,71,190,WR,WR,2026
efjdferc9m,efjdferc9m,4360086,22923,josh-whyle,00-0038589,20614,WhylJo01,10212,601467c7-b593-472d-a147-b8e7bfdbe990,Q109561655,40182,J.Whyle,Josh,Josh Whyle,"Whyle, Josh","Whyle, J",Josh Whyle,,Josh Whyle,Whyle,Josh,,1999-09-08,1999,09,08,79,248,TE,TE,2023
efss70gwxh,efss70gwxh,4245144,24029,tay-martin,00-0037524,19869,MartTa00,8250,8d74f600-ca80-11ec-97ae-e1573849d1a6,Q114282822,34319,T.Martin,Davontavean,Tay Martin,"Martin, Tay","Martin, T",Davontavean Martin,,Tay Martin,Martin,Tay,,1997-12-14,1997,12,14,75,186,WR,WR,2022
eg124lsk6d,eg124lsk6d,4686728,27109,gunnar-helm,00-0040584,22123,HelmGu00,12502,beb69cba-f240-43ed-88d3-50d066cf55d4,Q130442918,41905,G.Helm,Gunnar,Gunnar Helm,"Helm, Gunnar","Helm, G",Gunnar Helm,,Gunnar Helm,Helm,Gunnar,,2002-09-06,2002,09,06,77,241,TE,TE,2025
egq78dgvb4,egq78dgvb4,4685504,28161,sam-roush,00-0041558,23014,RousSa00,13322,b8b3edc8-986a-4702-84a7-b5193331aebb,Q137170414,42691,S.Roush,Sam,Sam Roush,"Roush, Sam","Roush, S",Sam Roush,,Sam Roush,Roush,Sam,,2003-09-06,2003,09,06,77,267,TE,TE,2026
ejn8tfeb2d,ejn8tfeb2d,14163,10007,tyrod-taylor,00-0028118,10144,TaylTy00,827,7f3ef024-eb34-46af-8b9e-544cdf09378f,Q2591444,24967,T.Taylor,Tyrod,Tyrod Taylor,"Taylor, Tyrod","Taylor, T",Tyrod Taylor,,Tyrod Taylor,Taylor,Tyrod,,1989-08-03,1989,08,03,73,217,QB,QB,2011
enk14q47j8,enk14q47j8,4432708,23064,marvin-harrison-jr,00-0039849,21121,HarrMa09,11628,e8da21a8-796d-48a2-b644-57d08983ae01,Q112063616,40893,M.Harrison,Marvin,Marvin Harrison,"Harrison, Marvin","Harrison, M",Marvin Harrison Jr.,Jr.,Marvin Harrison Jr.,Harrison,Marvin,,2002-08-11,2002,08,11,75,220,WR,WR,2024
ep4wq1qct0,ep4wq1qct0,4242355,22718,jake-ferguson,00-0038041,19476,FergJa00,8110,f46eab3d-d7dd-4420-b3f9-6da9ac1308ab,Q110401826,34085,J.Ferguson,Jake,Jake Ferguson,"Ferguson, Jake","Ferguson, J",Jake Ferguson,,Jake Ferguson,Ferguson,Jake,,1999-01-18,1999,01,18,77,250,TE,TE,2022
epw4ny22kr,epw4ny22kr,4360248,20164,kyle-pitts,00-0036970,18789,PittKy00,7553,1f3deb24-9ff8-4769-8f42-825eff7742f6,Q74616567,33392,K.Pitts,Kyle,Kyle Pitts,"Pitts, Kyle","Pitts, K",Kyle Pitts,Sr.,Kyle Pitts,Pitts,Kyle,,2000-10-06,2000,10,06,78,250,TE,TE,2021
eshdb43ydd,eshdb43ydd,4430871,23679,sean-tucker,00-0038951,20285,TuckSe00,9506,6d616c10-f35e-11ed-b721-9b68b08a2e09,Q108939968,40742,S.Tucker,Sean,Sean Tucker,"Tucker, Sean","Tucker, S",Sean Tucker,,Sean Tucker,Tucker,Sean,,2001-10-25,2001,10,25,70,205,RB,RB,2023
etsfxh9w7m,etsfxh9w7m,5123663,27446,isaac-teslaa,00-0040669,22134,TeSlIs00,12535,41e5e4a9-f04c-462e-a1d1-e35a8115b974,Q132029855,41865,I.TeSlaa,Isaac,Isaac TeSlaa,"TeSlaa, Isaac","TeSlaa, I",Isaac TeSlaa,,Isaac TeSlaa,TeSlaa,Isaac,,2002-02-20,2002,02,20,76,214,WR,WR,2025
f21qk4nv9w,f21qk4nv9w,4432734,22884,jalen-milroe,00-0040673,22064,MilrJa00,12510,b0eb5b67-4ef2-462d-bfe7-e73bcce1f6b0,Q114049519,41882,J.Milroe,Jalen,Jalen Milroe,"Milroe, Jalen","Milroe, J",Jalen Milroe,,Jalen Milroe,Milroe,Jalen,,2002-12-13,2002,12,13,74,216,QB,QB,2025
f4kgydstb4,f4kgydstb4,4362619,22986,chris-rodriguez-jr,00-0038611,20308,RodrCh00,10219,ae5c4758-cb53-4f17-8763-b91381036af3,Q108862470,40231,C.Rodriguez,Chris,Chris Rodriguez,"Rodriguez, Chris","Rodriguez, C",Chris Rodriguez Jr.,Jr.,Chris Rodriguez Jr.,Rodriguez,Chris,,1999-09-26,1999,09,26,71,224,RB,RB,2023
f6734qwg50,f6734qwg50,4242433,22845,josh-palmer,00-0036988,18862,PalmJo00,7670,857fcc59-10e8-4194-bd7d-41bc5f72a47f,Q105162234,33465,J.Palmer,Joshua,Josh Palmer,"Palmer, Josh","Palmer, J",Joshua Palmer,,Josh Palmer,Palmer,Josh,,1999-09-22,1999,09,22,73,210,WR,WR,2021
f6b06k8w78,f6b06k8w78,4366031,25361,nathaniel-dell,00-0038977,20323,DellNa00,9502,25e7b423-f716-4d1a-9623-cee3e7d822ab,Q115945795,40097,T.Dell,Nathaniel,Tank Dell,"Dell, Tank","Dell, T",Nathaniel Dell,,Tank Dell,Dell,Tank,,1999-10-29,1999,10,29,70,165,WR,WR,2023
f8vrexlk88,f8vrexlk88,3929636,24904,irvin-charles,00-0037156,20184,CharIr00,8861,f8578e10-d3bd-11ec-96a0-c3471a31202c,Q114282836,34356,I.Charles,Irvin,Irvin Charles,"Charles, Irvin","Charles, I",Irvin Charles,,Irvin Charles,Charles,Irvin,,1997-04-13,1997,04,13,76,219,WR,WR,2022
fcmkd8xbww,fcmkd8xbww,4426875,23045,sam-howell,00-0037077,19449,HoweSa00,8162,7d85e9c2-f464-4654-9200-acfcffd7dfaf,Q67702653,34100,S.Howell,Sam,Sam Howell,"Howell, Sam","Howell, S",Sam Howell,,Sam Howell,Howell,Sam,,2000-09-16,2000,09,16,73,225,QB,QB,2022
fjhnnkyr90,fjhnnkyr90,5220680,28130,ted-hurst,00-0041048,22967,HursTe00,13317,8e9964c2-b74c-4eb1-967b-2f82cc8f9767,Q137272866,42706,T.Hurst,Ted,Ted Hurst,"Hurst, Ted","Hurst, T",Ted Hurst III,III,Ted Hurst III,Hurst,Ted,,2004-07-02,2004,07,02,75,195,WR,WR,2026
fl284gjn10,fl284gjn10,5088338,27463,elijah-sarratt,00-0040876,22949,SarrEl00,13268,88739764-6bec-4d65-9381-a75510c5f595,Q130442719,42737,E.Sarratt,Elijah,Elijah Sarratt,"Sarratt, Elijah","Sarratt, E",Elijah Sarratt,,Elijah Sarratt,Sarratt,Elijah,,2003-05-28,2003,05,28,74,209,WR,WR,2026
fm73fl5tq4,fm73fl5tq4,4258620,25713,andre-szmyt,00-0038428,20806,SzmyAn00,11261,25f0b180-ead8-11ed-86b8-630d0ad2d5af,Q59782499,40496,A.Szmyt,Andre,Andre Szmyt,"Szmyt, Andre","Szmyt, A",Andre Szmyt,,Andre Szmyt,Szmyt,Andre,,1998-09-26,1998,09,26,72,200,K,SPEC,2024
fmgsfs3f2w,fmgsfs3f2w,4697745,27534,tyler-loop,00-0040074,22279,LoopTy00,12711,a6b8b5d3-a2f2-4532-ade3-dc122b6b240c,Q131612484,41988,T.Loop,Steven,Tyler Loop,"Loop, Tyler","Loop, T",Steven Loop,,Tyler Loop,Loop,Tyler,,2001-08-04,2001,08,04,71,191,K,SPEC,2025
fnel3jjwm4,fnel3jjwm4,4361372,23742,jeremy-ruckert,00-0037805,19578,RuckJe00,8145,28f3732b-0910-4d09-9fd4-e43b821dc5bb,Q104850955,34057,J.Ruckert,Jeremy,Jeremy Ruckert,"Ruckert, Jeremy","Ruckert, J",Jeremy Ruckert,,Jeremy Ruckert,Ruckert,Jeremy,,2000-08-11,2000,08,11,77,250,TE,TE,2022
fpjm6edgqd,fpjm6edgqd,15818,11616,keenan-allen,00-0030279,11857,AlleKe00,1479,5f424505-f29f-433c-b3f2-1a143a04a010,Q6382866,26699,K.Allen,Keenan,Keenan Allen,"Allen, Keenan","Allen, K",Keenan Allen,,Keenan Allen,Allen,Keenan,,1992-04-27,1992,04,27,74,211,WR,WR,2013
fsshqt1qcd,fsshqt1qcd,4429435,27161,brady-cook,00-0040398,22608,CookBr03,12538,4916c770-2501-11f0-aed8-c154e65d4269,Q115492003,42229,B.Cook,Brady,Brady Cook,"Cook, Brady","Cook, B",Brady Cook,,Brady Cook,Cook,Brady,,2001-10-12,2001,10,12,74,215,QB,QB,2025
fv7sxvpfn4,fv7sxvpfn4,4869645,28135,caleb-douglas,00-0041523,23043,DougCa00,13296,9e86188e-bdd6-4ba4-af4b-9cfe7f38e159,Q134348438,42697,C.Douglas,Caleb,Caleb Douglas,"Douglas, Caleb","Douglas, C",Caleb Douglas,,Caleb Douglas,Douglas,Caleb,,2003-09-09,2003,09,09,76,205,WR,WR,2026
fvpx3xvk88,fvpx3xvk88,4912218,28424,cyrus-allen,00-0040890,23165,AlleCy00,13413,a07ac8bd-3929-4e48-b3c4-3ddeecd09dca,Q137917354,42773,C.Allen,Cyrus,Cyrus Allen,"Allen, Cyrus","Allen, C",Cyrus Allen,,Cyrus Allen,Allen,Cyrus,,2003-02-11,2003,02,11,71,180,WR,WR,2026
fxwqcet2wm,fxwqcet2wm,3117251,16393,christian-mccaffrey,00-0033280,15222,McCaCh01,4034,f96db0af-5e25-42d1-a07a-49b4e065b364,Q21621996,30121,C.McCaffrey,Christian,Christian McCaffrey,"McCaffrey, Christian","McCaffrey, C",Christian McCaffrey,,Christian McCaffrey,McCaffrey,Christian,,1996-06-07,1996,06,07,71,210,RB,RB,2017
fz35t13s0d,fz35t13s0d,2515270,14191,michael-burton,00-0031595,13696,BurtMi00,2471,80715ecf-ffc9-4a93-a305-2193451b3382,Q19874428,28556,M.Burton,Michael,Michael Burton,"Burton, Michael","Burton, M",Michael Burton,,Michael Burton,Burton,Michael,,1992-02-01,1992,02,01,72,247,FB,RB,2015
fz3vkj342m,fz3vkj342m,4879250,28302,cole-payton,00-0040891,23203,PaytCo00,13335,f6d960ab-1601-417a-8a35-39e3a75c29a5,Q136207945,42801,C.Payton,Cole,Cole Payton,"Payton, Cole","Payton, C",Cole Payton,,Cole Payton,Payton,Cole,,2002-10-26,2002,10,26,75,233,QB,QB,2026
fzrxm0grdr,fzrxm0grdr,4360698,25967,joe-milton,00-0039398,21408,MiltJo00,11557,74043480-24ef-4c26-99d4-18f43d5b41d3,Q99399800,41060,J.Milton,Joe,Joe Milton,"Milton, Joe","Milton, J",Joe Milton III,III,Joe Milton III,Milton,Joe,,2000-03-06,2000,03,06,77,236,QB,QB,2024
g1jb86reeh,g1jb86reeh,4685553,28133,brenen-thompson,00-0041550,23097,ThomBr07,13380,c6e9feed-f5de-4717-84af-0c17af9e2a73,Q136131651,42727,B.Thompson,Brenen,Brenen Thompson,"Thompson, Brenen","Thompson, B",Brenen Thompson,,Brenen Thompson,Thompson,Brenen,,2003-07-25,2003,07,25,69,170,WR,WR,2026
g1k3y8s4t0,g1k3y8s4t0,3039707,16381,mitch-trubisky,00-0033869,15223,TrubMi00,3976,7a1b8f1a-9024-4897-86b0-01c63e00305e,Q26405845,30115,M.Trubisky,Mitchell,Mitchell Trubisky,"Trubisky, Mitchell","Trubisky, M",Mitchell Trubisky,,Mitchell Trubisky,Trubisky,Mitchell,,1994-08-20,1994,08,20,74,222,QB,QB,2017
g3ebpvrjhw,g3ebpvrjhw,4241372,18226,marquise-brown,00-0035662,17007,BrowMa04,5848,feeee40a-dd63-41a7-89cd-6c95b5456833,Q54110533,31857,M.Brown,Marquise,Marquise Brown,"Brown, Marquise","Brown, M",Marquise Brown,,Marquise Brown,Brown,Marquise,,1997-06-04,1997,06,04,69,180,WR,WR,2019
g7qme995hm,g7qme995hm,4685279,24344,jaydon-blue,00-0040586,22092,BlueJa01,12457,f5e6eb8e-2c76-4bf9-b47f-57c62659341d,Q128792652,41935,J.Blue,Jaydon,Jaydon Blue,"Blue, Jaydon","Blue, J",Jaydon Blue,,Jaydon Blue,Blue,Jaydon,,2004-01-08,2004,01,08,69,198,RB,RB,2025
g8dtxxjned,g8dtxxjned,4361112,26440,devin-culp,00-0039754,21434,CulpDe00,11820,c62dcaf1-79e3-4e15-8fb0-e7cb30a18fe4,Q124757164,41120,D.Culp,Devin,Devin Culp,"Culp, Devin","Culp, D",Devin Culp,,Devin Culp,Culp,Devin,,2000-02-02,2000,02,02,76,237,TE,TE,2024
g8zk6fy75m,g8zk6fy75m,4426348,22902,jayden-daniels,00-0039910,21126,DaniJa02,11566,bab8c65a-9fff-410d-8e34-dc2f636d890e,Q66825384,40896,J.Daniels,Jayden,Jayden Daniels,"Daniels, Jayden","Daniels, J",Jayden Daniels,,Jayden Daniels,Daniels,Jayden,,2000-12-18,2000,12,18,76,210,QB,QB,2024
gb9dwjf1eh,gb9dwjf1eh,4430656,27805,myles-price,00-0040506,22734,PricMy00,13075,c17f53c0-25de-11f0-b2c4-1fd68bf02b2c,Q135918814,42389,M.Price,Myles,Myles Price,"Price, Myles","Price, M",Myles Price,,Myles Price,Price,Myles,,2001-12-16,2001,12,16,69,183,WR,WR,2025
gc6dqf40r8,gc6dqf40r8,4362523,23821,will-mallory,00-0038394,20347,MallWi00,10220,5d4a5e4f-7c74-4b4c-b8e5-33bb831e3057,Q114724579,40180,W.Mallory,Will,Will Mallory,"Mallory, Will","Mallory, W",Will Mallory,,Will Mallory,Mallory,Will,,1999-06-22,1999,06,22,76,239,TE,TE,2023
gdwsppv2z8,gdwsppv2z8,3676833,18520,kavontae-turpin,00-0037801,20247,TurpKa00,8917,2dfd63d0-0e8a-11ed-a8f4-191ad3c6932a,Q110460526,34709,K.Turpin,KaVontae,KaVontae Turpin,"Turpin, KaVontae","Turpin, K",KaVontae Turpin,,KaVontae Turpin,Turpin,KaVontae,,1996-08-02,1996,08,02,67,158,WR,WR,2022
gk0w642sjh,gk0w642sjh,4685307,28067,kevin-coleman-jr,00-0041529,23176,ColeKe03,13338,0b7b96b1-7733-4ceb-ac59-5ff7029df86c,Q115802395,42768,K.Coleman,Kevin,Kevin Coleman,"Coleman, Kevin","Coleman, K",Kevin Coleman Jr.,Jr.,Kevin Coleman Jr.,Coleman,Kevin,,2003-09-10,2003,09,10,70,180,WR,WR,2026
gm61zy413m,gm61zy413m,4911851,27285,lequint-allen-jr,00-0040238,22090,AlleLe01,12544,14aedd06-41a6-41db-8c5e-05483f91570d,Q122832663,42007,L.Allen,LeQuint,LeQuint Allen,"Allen, LeQuint","Allen, L",LeQuint Allen Jr.,Jr.,LeQuint Allen Jr.,Allen,LeQuint,,2004-08-05,2004,08,05,72,201,RB,RB,2025
gpnl6x14j8,gpnl6x14j8,3886598,19590,jauan-jennings,00-0036259,18033,JennJa00,7049,3ae9f0fa-c711-4663-80cf-4707856c07aa,Q84749199,32887,J.Jennings,Bennie,Jauan Jennings,"Jennings, Jauan","Jennings, J",Bennie Jennings,,Jauan Jennings,Jennings,Jauan,,1997-07-10,1997,07,10,75,212,WR,WR,2020
gv3bq5xn9d,gv3bq5xn9d,4361577,20113,dyami-brown,00-0036626,18786,BrowDy00,7587,0fb60ada-bdd3-4d74-8c98-058303a1649a,Q100408294,33470,D.Brown,Dyami,Dyami Brown,"Brown, Dyami","Brown, D",Dyami Brown,,Dyami Brown,Brown,Dyami,,1999-11-01,1999,11,01,72,195,WR,WR,2021
gx34tq6ygm,gx34tq6ygm,4678006,23004,elijah-arroyo,00-0040739,22121,ArroEl00,12521,98bc7c8c-e6e4-4694-a0ef-d3f25274223e,Q130418405,41835,E.Arroyo,Elijah,Elijah Arroyo,"Arroyo, Elijah","Arroyo, E",Elijah Arroyo,,Elijah Arroyo,Arroyo,Elijah,,2003-04-05,2003,04,05,77,254,TE,TE,2025
h18ml9n5pm,h18ml9n5pm,4262921,19236,justin-jefferson,00-0036322,17972,JeffJu00,6794,4131d4ee-0318-4bb5-832a-4dec80668a4f,Q69807017,32692,J.Jefferson,Justin,Justin Jefferson,"Jefferson, Justin","Jefferson, J",Justin Jefferson,,Justin Jefferson,Jefferson,Justin,,1999-06-16,1999,06,16,73,195,WR,WR,2020
h1k3rd2mch,h1k3rd2mch,3915416,17265,dj-moore-wr,00-0034827,16134,MoorD.00,4983,d8202e6d-d03b-4cd1-a793-ff8fd39d9755,Q48977305,30994,D.Moore,Denniston,DJ Moore,"Moore, DJ","Moore, D",Denniston Moore,,DJ Moore,Moore,DJ,,1997-04-14,1997,04,14,72,213,WR,WR,2018
h4gh5t7vew,h4gh5t7vew,4241463,19201,jerry-jeudy,00-0036407,17964,JeudJe00,6783,eaaa4a61-c2a7-4926-8e9b-3ec71be2f991,Q52161990,32685,J.Jeudy,Jerry,Jerry Jeudy,"Jeudy, Jerry","Jeudy, J",Jerry Jeudy,,Jerry Jeudy,Jeudy,Jerry,,1999-04-24,1999,04,24,73,195,WR,WR,2020
h5x0vlp33w,h5x0vlp33w,4569173,22726,rhamondre-stevenson,00-0036875,18791,StevRh00,7611,6260e78a-64e2-4f7e-9bf8-39948a17a370,Q104648692,33508,R.Stevenson,Rhamondre,Rhamondre Stevenson,"Stevenson, Rhamondre","Stevenson, R",Rhamondre Stevenson,,Rhamondre Stevenson,Stevenson,Rhamondre,,1998-02-23,1998,02,23,72,227,RB,RB,2021
h9ygyn3xsh,h9ygyn3xsh,4242335,19217,jonathan-taylor,00-0036223,17962,TaylJo02,6813,925195a4-06ba-4e37-ae7d-a3d6a5419139,Q41788679,32711,J.Taylor,Jonathan,Jonathan Taylor,"Taylor, Jonathan","Taylor, J",Jonathan Taylor,,Jonathan Taylor,Taylor,Jonathan,,1999-01-19,1999,01,19,70,226,RB,RB,2020
hb9e93cw0h,hb9e93cw0h,5085024,24366,cj-williams,00-0041106,23161,WillCJ00,13554,a92ac2af-70d0-4eb6-a741-38d432797d4f,Q139568039,42825,C.Williams,Christian,C.J. Williams,"Williams, C.J.","Williams, C",Christian Williams,,C.J. Williams,Williams,C.J.,,2002-10-23,2002,10,23,73,205,WR,WR,2026
hcvrrdxwb8,hcvrrdxwb8,4426354,22963,george-pickens,00-0037247,19437,PickGe00,8137,018e8f25-54e5-44f1-967a-7ff237f1c52f,Q77718902,34007,G.Pickens,George,George Pickens,"Pickens, George","Pickens, G",George Pickens,,George Pickens,Pickens,George,,2001-03-04,2001,03,04,75,205,WR,WR,2022
hfpk6r5ykr,hfpk6r5ykr,3126997,19052,tom-kennedy,00-0035544,17838,KennTo01,6588,dc51b38c-dc82-44ee-a88b-764d681ce58a,Q85809979,32561,T.Kennedy,Tom,Tom Kennedy,"Kennedy, Tom","Kennedy, T",Tom Kennedy,,Tom Kennedy,Kennedy,Tom,,1996-07-29,1996,07,29,70,195,WR,WR,2019
hglp86bl2h,hglp86bl2h,4386544,25627,xavier-smith,00-0038359,20736,SmitXa00,11168,98b88de0-e8e5-11ed-ad77-290d92d9e505,Q130214825,40399,X.Smith,Xavier,Xavier Smith,"Smith, Xavier","Smith, X",Xavier Smith,,Xavier Smith,Smith,Xavier,,1997-09-21,1997,09,21,69,180,WR,WR,2023
hh0e1cjbfw,hh0e1cjbfw,4047365,18269,josh-jacobs,00-0035700,16998,JacoJo01,5850,61694ab9-b099-408e-b48d-6a643dd069ec,Q59660262,31856,J.Jacobs,Joshua,Josh Jacobs,"Jacobs, Josh","Jacobs, J",Joshua Jacobs,,Josh Jacobs,Jacobs,Josh,,1998-02-11,1998,02,11,70,223,RB,RB,2019
hh3d9rh294,hh3d9rh294,4241961,24562,connor-heyward,00-0037304,19733,HeywCo00,8181,62e96d7c-e4dd-4a90-8c3a-8017eb69120d,Q111832605,34163,C.Heyward,Connor,Connor Heyward,"Heyward, Connor","Heyward, C",Connor Heyward,,Connor Heyward,Heyward,Connor,,1999-01-22,1999,01,22,71,233,FB,RB,2022
hk779prr2d,hk779prr2d,4682648,27994,malachi-fields,00-0041042,22952,FielMa00,13285,ed9f9d96-d1e5-43bd-ac69-cbd29bb0b9bb,Q126063506,42696,M.Fields,Steven,Malachi Fields,"Fields, Malachi","Fields, M",Steven Fields,,Malachi Fields,Fields,Malachi,,2003-08-26,2003,08,26,76,222,WR,WR,2026
hlly7361cw,hlly7361cw,4367209,23153,greg-dulcich,00-0037252,19477,DulcGr00,8172,b9e4a022-d15c-4cef-9879-170277f17207,Q108755663,34036,G.Dulcich,Gregory,Greg Dulcich,"Dulcich, Greg","Dulcich, G",Gregory Dulcich,,Greg Dulcich,Dulcich,Greg,,2000-03-26,2000,03,26,76,245,TE,TE,2022
hms8fhwnj8,hms8fhwnj8,4362238,25324,chase-brown,00-0038597,20292,BrowCh10,9224,d74ff06d-905d-4fed-8f98-b5f6d4549333,Q114554328,40196,C.Brown,Chase,Chase Brown,"Brown, Chase","Brown, C",Chase Brown,,Chase Brown,Brown,Chase,,2000-03-21,2000,03,21,70,211,RB,RB,2023
hnv5fre0dm,hnv5fre0dm,4880236,28403,will-kacmarek,00-0041524,23042,KacmWi00,13434,8f405d6d-46dd-4f4e-b6cf-52379cd9bb54,Q137177840,42709,W.Kacmarek,Will,Will Kacmarek,"Kacmarek, Will","Kacmarek, W",Will Kacmarek,,Will Kacmarek,Kacmarek,Will,,2003-02-12,2003,02,12,78,258,TE,TE,2026
hpvdjvpdnm,hpvdjvpdnm,4241424,19801,tylan-wallace,00-0036630,18793,WallTy00,7595,29269863-13cf-4c66-ac3c-5d9a47e2040a,Q58495244,33519,T.Wallace,Tylan,Tylan Wallace,"Wallace, Tylan","Wallace, T",Tylan Wallace,,Tylan Wallace,Wallace,Tylan,,1999-05-13,1999,05,13,71,200,WR,WR,2021
hqglzn39cm,hqglzn39cm,5150662,28597,hayden-large,00-0041170,23366,,13712,766b7ed0-4271-11f1-b788-bb88ff156f8c,,43027,H.Large,Hayden,Hayden Large,"Large, Hayden","Large, H",Hayden Large,,Hayden Large,Large,Hayden,,2002-03-27,2002,03,27,76,255,TE,TE,2026
hqy6mv7c28,hqy6mv7c28,4373626,24172,tyler-allgeier,00-0037263,19441,AllgTy00,8132,f4529909-1a02-4f4b-a1f3-315cad100683,Q109336060,34107,T.Allgeier,Tyler,Tyler Allgeier,"Allgeier, Tyler","Allgeier, T",Tyler Allgeier,,Tyler Allgeier,Allgeier,Tyler,,2000-04-15,2000,04,15,70,225,RB,RB,2022
hv0bye67hh,hv0bye67hh,4686422,25332,xavier-hutchinson,00-0038618,20305,HutcXa00,10218,aed98af2-b228-4b74-a804-2d210bd11122,Q110782713,40232,X.Hutchinson,Xavier,Xavier Hutchinson,"Hutchinson, Xavier","Hutchinson, X",Xavier Hutchinson,,Xavier Hutchinson,Hutchinson,Xavier,,2000-06-01,2000,06,01,75,210,WR,WR,2023
hw0ec25wxd,hw0ec25wxd,5103197,28423,tyren-montgomery,00-0040919,23247,MontTy02,13600,26b1d8a0-4198-11f1-a9c5-c5da6e8614a1,Q137907188,42896,T.Montgomery,Tyren,Tyren Montgomery,"Montgomery, Tyren","Montgomery, T",Tyren Montgomery,,Tyren Montgomery,Montgomery,Tyren,,2001-07-03,2001,07,03,71,204,WR,WR,2026
hwb3zvd3kd,hwb3zvd3kd,3051909,17420,daniel-carlson,00-0034161,16158,CarlDa00,5095,7bb70550-c28a-4e47-9a13-cc0c0fef8b38,Q28124532,31137,D.Carlson,Daniel,Daniel Carlson,"Carlson, Daniel","Carlson, D",Daniel Carlson,,Daniel Carlson,Carlson,Daniel,,1995-01-23,1995,01,23,77,215,K,SPEC,2018
hx30jszbgh,hx30jszbgh,4360423,22973,michael-penix-jr,00-0039917,20298,PeniMi00,11559,6499a161-b221-4591-b122-d99ece1be64b,Q101503854,40889,M.Penix,Michael,Michael Penix,"Penix, Michael","Penix, M",Michael Penix Jr.,Jr.,Michael Penix Jr.,Penix,Michael,,2000-05-08,2000,05,08,75,220,QB,QB,2024
hxc15qqtm4,hxc15qqtm4,4602788,27697,jackson-meeks,00-0040390,22584,MeekJa00,12938,be223960-250a-11f0-8c61-8d480134500e,Q126690521,42238,J.Meeks,Jackson,Jackson Meeks,"Meeks, Jackson","Meeks, J",Jackson Meeks,,Jackson Meeks,Meeks,Jackson,,2003-03-24,2003,03,24,74,235,WR,WR,2025
j04zvqe574,j04zvqe574,4360939,19794,rashod-bateman,00-0036550,18785,BateRa00,7571,d9f8b92b-69d4-4d83-9bf2-106ee523efed,Q77352940,33415,R.Bateman,Rashod,Rashod Bateman,"Bateman, Rashod","Bateman, R",Rashod Bateman,,Rashod Bateman,Bateman,Rashod,,1999-11-29,1999,11,29,73,193,WR,WR,2021
j0cl644llr,j0cl644llr,3916945,18706,darius-slayton,00-0035535,17512,SlayDa01,6149,82ed30a5-54a8-4ed0-b040-99c3a78fb055,Q63351201,32003,D.Slayton,Darius,Darius Slayton,"Slayton, Darius","Slayton, D",Darius Slayton,,Darius Slayton,Slayton,Darius,,1997-01-12,1997,01,12,73,198,WR,WR,2019
j0r6kefebm,j0r6kefebm,4429084,24347,anthony-richardson,00-0039164,20294,RichAn03,9229,5fc5b4a6-a583-4345-a810-4f982204ea5e,Q109282725,40040,A.Richardson,Anthony,Anthony Richardson,"Richardson, Anthony","Richardson, A",Anthony Richardson,Sr.,Anthony Richardson,Richardson,Anthony,,2002-05-22,2002,05,22,76,244,QB,QB,2023
j2b58jpzmh,j2b58jpzmh,4869748,28132,zavion-thomas,00-0041051,23013,ThomZa05,13411,3f22d5fe-e6e4-4aab-8992-caf75caf999a,Q137386042,42711,Z.Thomas,Zavion,Zavion Thomas,"Thomas, Zavion","Thomas, Z",Zavion Thomas,,Zavion Thomas,Thomas,Zavion,,2004-02-14,2004,02,14,70,190,WR,WR,2026
j2kdj8x92d,j2kdj8x92d,5081335,28175,drew-stevens,00-0041182,23660,StevDr00,13968,4f268040-4b31-11f1-ab56-ddbbfa067d51,Q137368484,43370,D.Stevens,Drew,Drew Stevens,"Stevens, Drew","Stevens, D",Drew Stevens,,Drew Stevens,Stevens,Drew,,2003-12-09,2003,12,09,73,205,K,SPEC,2026
j2y9fxgqsd,j2y9fxgqsd,3917232,19760,tyler-bass,00-0036162,18158,BassTy00,7042,bfccbff4-bc01-41ed-aa11-be976160504c,Q87847659,32858,T.Bass,Tyler,Tyler Bass,"Bass, Tyler","Bass, T",Tyler Bass,,Tyler Bass,Bass,Tyler,,1997-02-14,1997,02,14,70,183,K,SPEC,2020
j37w40wh6r,j37w40wh6r,4686104,25295,johnny-wilson,00-0039236,21145,WilsJo03,11636,e8d389b5-56c8-4276-9983-0dbcc1663507,Q114364019,41089,J.Wilson,Johnny,Johnny Wilson,"Wilson, Johnny","Wilson, J",Johnny Wilson,,Johnny Wilson,Wilson,Johnny,,2001-04-03,2001,04,03,78,228,WR,WR,2024
j4es7wry24,j4es7wry24,3843945,18397,foster-moreau,00-0034981,17548,MoreFo00,5985,9c3a67fd-5c6e-4689-9e08-9ff6d4db6c9a,Q63349672,31969,F.Moreau,Foster,Foster Moreau,"Moreau, Foster","Moreau, F",Foster Moreau,,Foster Moreau,Moreau,Foster,,1997-05-06,1997,05,06,76,250,TE,TE,2019
j5gwtn3ny8,j5gwtn3ny8,4367567,24689,julius-chestnut,00-0037594,19936,ChesJu00,8254,873860f0-cca2-11ec-9e80-cff885fdbae7,Q113675419,34451,J.Chestnut,Julius,Julius Chestnut,"Chestnut, Julius","Chestnut, J",Julius Chestnut,,Julius Chestnut,Chestnut,Julius,,2000-10-26,2000,10,26,71,228,RB,RB,2022
j749nzlhnd,j749nzlhnd,4429466,27916,drake-dabney,00-0040628,22871,DabnDr00,13210,7afbcb90-2f70-11f0-8052-89a0c8fe065f,Q137610464,42523,D.Dabney,Drake,Drake Dabney,"Dabney, Drake","Dabney, D",Drake Dabney,,Drake Dabney,Dabney,Drake,,2002-05-14,2002,05,14,77,246,TE,TE,2025
j9nfnk3l0w,j9nfnk3l0w,3127586,16445,jeremy-mcnichols,00-0033955,15441,McNiJe00,4219,25cc3585-6194-4786-968a-2600db46b6c6,Q27662503,30275,J.McNichols,Jeremy,Jeremy McNichols,"McNichols, Jeremy","McNichols, J",Jeremy McNichols,,Jeremy McNichols,McNichols,Jeremy,,1995-12-26,1995,12,26,69,205,RB,RB,2017
j9qxflzcs0,j9qxflzcs0,4433970,23018,jj-mccarthy,00-0039923,21150,McCaJJ00,11565,587cc3c3-aeda-4ac7-8803-a7e4db195534,Q108913383,40905,J.McCarthy,Jonathan,J.J. McCarthy,"McCarthy, J.J.","McCarthy, J",Jonathan McCarthy,,J.J. McCarthy,McCarthy,J.J.,,2003-01-20,2003,01,20,75,219,QB,QB,2024
jbnwjfq0mr,jbnwjfq0mr,4567104,26341,will-reichard,00-0039404,21404,ReicWi00,11792,6f667582-b880-4c41-a105-59c347a36c0d,Q109648030,41093,W.Reichard,Will,Will Reichard,"Reichard, Will","Reichard, W",Will Reichard,,Will Reichard,Reichard,Will,,2001-01-09,2001,01,09,73,190,K,SPEC,2024
jcfywbm7bw,jcfywbm7bw,4361516,24238,daniel-bellinger,00-0038115,19625,BellDa00,8225,42a1c03e-790e-46ba-b0d5-d304e44c02c7,Q111317399,34068,D.Bellinger,Daniel,Daniel Bellinger,"Bellinger, Daniel","Bellinger, D",Daniel Bellinger,,Daniel Bellinger,Bellinger,Daniel,,2000-09-22,2000,09,22,78,255,TE,TE,2022
jcrzlqsrn4,jcrzlqsrn4,4240657,22728,michael-carter-rb,00-0036924,18828,CartMi03,7607,7f119181-4c9f-4a9f-bccc-357277b64a8d,Q104742000,33495,M.Carter,Michael,Michael Carter,"Carter, Michael","Carter, M",Michael Carter,,Michael Carter,Carter,Michael,,1999-05-07,1999,05,07,68,201,RB,RB,2021
jf12kg6vgh,jf12kg6vgh,4258595,19229,cole-kmet,00-0036290,18010,KmetCo00,6826,036feeb6-9a22-43c5-a8e3-7ac611d8ff49,Q77347893,32713,C.Kmet,Cole,Cole Kmet,"Kmet, Cole","Kmet, C",Cole Kmet,,Cole Kmet,Kmet,Cole,,1999-03-10,1999,03,10,78,257,TE,TE,2020
jfr5lh7zt4,jfr5lh7zt4,3045523,17066,kendrick-bourne,00-0033307,15671,BourKe00,4454,5aba3610-ab55-4922-ac46-806ded5eb8bf,Q36094089,30551,K.Bourne,Kendrick,Kendrick Bourne,"Bourne, Kendrick","Bourne, K",Kendrick Bourne,,Kendrick Bourne,Bourne,Kendrick,,1995-08-04,1995,08,04,73,203,WR,WR,2017
jj45558tfm,jj45558tfm,4685512,27329,jadarian-price,00-0041512,22938,PricJa02,13286,17b64129-5118-4525-ac9a-d79ff5313568,Q130211010,42654,J.Price,Jadarian,Jadarian Price,"Price, Jadarian","Price, J",Jadarian Price,,Jadarian Price,Price,Jadarian,,2003-10-09,2003,10,09,71,203,RB,RB,2026
jmlwr08vpm,jmlwr08vpm,4032473,24687,rashid-shaheed,00-0037545,19934,ShahRa00,8676,e1ecc660-cc9f-11ec-952e-a10f2c98fc4d,Q114709187,34659,R.Shaheed,Rashid,Rashid Shaheed,"Shaheed, Rashid","Shaheed, R",Rashid Shaheed,,Rashid Shaheed,Shaheed,Rashid,,1998-08-31,1998,08,31,72,180,WR,WR,2022
jnz6bep8rm,jnz6bep8rm,4428811,23957,xavier-weaver,00-0039521,21176,WeavXa00,11921,ffd59710-0582-11ef-823c-c3942ac17525,Q122372530,41202,X.Weaver,Xavier,Xavier Weaver,"Weaver, Xavier","Weaver, X",Xavier Weaver,,Xavier Weaver,Weaver,Xavier,,2000-10-12,2000,10,12,73,185,WR,WR,2024
jrxvndh1t4,jrxvndh1t4,4714771,24345,drew-allar,00-0041565,23058,AllaDr00,13289,0667d256-9f37-4b21-b1c9-fb105aaf97a2,Q113728944,42698,D.Allar,Drew,Drew Allar,"Allar, Drew","Allar, D",Drew Allar,,Drew Allar,Allar,Drew,,2004-03-08,2004,03,08,77,228,QB,QB,2026
jskvzdfjy0,jskvzdfjy0,4431299,25411,rome-odunze,00-0039919,20335,OdunRo00,11620,f64694e0-0381-11ef-973d-5176a0ecbee4,Q114564449,40901,R.Odunze,Rome,Rome Odunze,"Odunze, Rome","Odunze, R",Rome Odunze,,Rome Odunze,Odunze,Rome,,2002-06-03,2002,06,03,75,215,WR,WR,2024
jt3c5z463d,jt3c5z463d,4696981,27166,cam-skattebo,00-0040715,22077,SkatCa00,12481,e1f0c72d-f4d0-4c24-93a4-8a12b9a2efd2,Q123653630,41922,C.Skattebo,Cameron,Cam Skattebo,"Skattebo, Cam","Skattebo, C",Cameron Skattebo,,Cam Skattebo,Skattebo,Cam,,2002-02-05,2002,02,05,71,215,RB,RB,2025
jvce75t0p0,jvce75t0p0,4385690,25247,dalton-kincaid,00-0038933,20300,KincDa00,10236,b961fa15-0676-4948-b95f-56d06319d40e,Q113662126,40048,D.Kincaid,Dalton,Dalton Kincaid,"Kincaid, Dalton","Kincaid, D",Dalton Kincaid,,Dalton Kincaid,Kincaid,Dalton,,1999-10-18,1999,10,18,75,246,TE,TE,2023
jwgpd4n6lw,jwgpd4n6lw,5092508,26037,colbie-young,00-0041069,23080,YounCo01,13477,044ebd08-c458-40ca-8c97-51c6e15abdb8,Q122397098,42762,C.Young,Colbie,Colbie Young,"Young, Colbie","Young, C",Colbie Young,,Colbie Young,Young,Colbie,,2002-07-24,2002,07,24,76,218,WR,WR,2026
jwyt7xhn2m,jwyt7xhn2m,4372561,26392,isaac-guerendo,00-0039363,21178,GuerIs00,11651,eac64b21-6e9e-447a-bf18-8a00b5c12871,Q124209497,40998,I.Guerendo,Isaac,Isaac Guerendo,"Guerendo, Isaac","Guerendo, I",Isaac Guerendo,,Isaac Guerendo,Guerendo,Isaac,,2000-06-28,2000,06,28,72,221,RB,RB,2024
jyq8eex4d4,jyq8eex4d4,2577417,15600,dak-prescott,00-0033077,14553,PresDa01,3294,86197778-8d4b-4eba-affe-08ef7be7c70b,Q16235747,29369,D.Prescott,Rayne,Dak Prescott,"Prescott, Dak","Prescott, D",Rayne Prescott,,Dak Prescott,Prescott,Dak,,1993-07-29,1993,07,29,74,230,QB,QB,2016
k0s7m7592m,k0s7m7592m,4372019,22921,jerome-ford,00-0037267,19443,FordJe00,8143,cdc61676-6592-43f9-a4a6-d29ce52ac8f4,Q108928936,34112,J.Ford,Jerome,Jerome Ford,"Ford, Jerome","Ford, J",Jerome Ford,,Jerome Ford,Ford,Jerome,,1999-09-12,1999,09,12,70,210,RB,RB,2022
k1cnq02h20,k1cnq02h20,4433971,23066,kyle-mccord,00-0040014,22368,McCoKy00,12494,451c7689-4fc2-410a-a33f-22dfa2ab37d4,Q113252225,41971,K.McCord,Kyle,Kyle McCord,"McCord, Kyle","McCord, K",Kyle McCord,,Kyle McCord,McCord,Kyle,,2002-09-19,2002,09,19,75,218,QB,QB,2025
k3gtnf1kkh,k3gtnf1kkh,4685415,26034,travis-hunter,00-0040718,22058,HuntTr00,12530,4a975d4c-d7cd-45ef-b258-db45187140eb,Q110442577,41787,T.Hunter,Travis,Travis Hunter,"Hunter, Travis","Hunter, T",Travis Hunter,,Travis Hunter,Hunter,Travis,,2003-05-18,2003,05,18,73,185,CB,DB,2025
k50z324c5h,k50z324c5h,4429086,23056,michael-mayer,00-0039066,20282,MayeMi00,9482,31f4645a-7ccb-4633-8580-2fca361beb4f,Q104744550,40065,M.Mayer,Michael,Michael Mayer,"Mayer, Michael","Mayer, M",Michael Mayer,,Michael Mayer,Mayer,Michael,,2001-07-06,2001,07,06,76,256,TE,TE,2023
k5qh8h5f68,k5qh8h5f68,4035687,19278,michael-pittman,00-0036252,17995,PittMi01,6819,1aefd5e2-1f85-471a-91a5-4aad4cf6fe6d,Q72488713,32704,M.Pittman,Michael,Michael Pittman,"Pittman, Michael","Pittman, M",Michael Pittman,Jr.,Michael Pittman,Pittman,Michael,,1997-10-05,1997,10,05,76,223,WR,WR,2020
k98fygzkww,k98fygzkww,8439,9001,aaron-rodgers,00-0023459,5712,RodgAa00,96,0ce48193-e2fa-466e-a986-33f751add206,Q302581,7200,A.Rodgers,Aaron,Aaron Rodgers,"Rodgers, Aaron","Rodgers, A",Aaron Rodgers,,Aaron Rodgers,Rodgers,Aaron,,1983-12-02,1983,12,02,74,223,QB,QB,2005
k9ppcyzjeh,k9ppcyzjeh,4685116,28888,dj-herman,00-0041436,23708,,14026,2d762340-4d77-11f1-bbe8-cb22edd46968,,43428,D.Herman,David,DJ Herman,"Herman, DJ","Herman, D",David Herman,,DJ Herman,Herman,DJ,,2002-03-17,2002,03,17,74,235,RB,RB,2026
kbm4bnqlyd,kbm4bnqlyd,4372716,25772,nikko-remigio,00-0038519,22034,RemiNi00,11320,52b850b0-ec3b-11ed-aeaf-cb0dc6206dc5,Q118410935,40571,N.Remigio,Nikko,Nikko Remigio,"Remigio, Nikko","Remigio, N",Nikko Remigio,,Nikko Remigio,Remigio,Nikko,,1999-11-04,1999,11,04,69,187,WR,WR,2023
kbqg44kl7r,kbqg44kl7r,3929785,19747,nick-westbrook,00-0036182,18719,WestNi00,7496,5e63e674-adf3-4f4e-929e-4a0ff2cfb1df,Q99337066,33348,N.Westbrook-Ikhine,Nick,Nick Westbrook-Ikhine,"Westbrook-Ikhine, Nick","Westbrook-Ikhine, N",Nick Westbrook-Ikhine,,Nick Westbrook-Ikhine,Westbrook-Ikhine,Nick,,1997-03-21,1997,03,21,74,211,WR,WR,2020
kbwht1sv1m,kbwht1sv1m,4722908,24561,andrew-ogletree,00-0037292,19689,OgleAn00,8489,59f460a8-b5af-40e6-840c-429762b278b3,Q111788647,34148,A.Ogletree,Andrew,Andrew Ogletree,"Ogletree, Andrew","Ogletree, A",Andrew Ogletree,,Andrew Ogletree,Ogletree,Andrew,,1998-07-28,1998,07,28,77,260,TE,TE,2022
kc7rjpxprh,kc7rjpxprh,4431574,23144,eli-stowers,00-0041483,22942,StowEl00,13349,287b7f15-ebe2-433f-af00-b1755576f8f8,Q130437351,42676,E.Stowers,Eli,Eli Stowers,"Stowers, Eli","Stowers, E",Eli Stowers,,Eli Stowers,Stowers,Eli,,2003-04-15,2003,04,15,76,239,TE,TE,2026
kctnggwtzd,kctnggwtzd,4430841,22953,carson-beck,00-0041561,23003,BeckCa01,13272,a67c28ce-9e03-46f1-9fb6-b5ef70eb20db,Q115536933,42687,C.Beck,Carson,Carson Beck,"Beck, Carson","Beck, C",Carson Beck,,Carson Beck,Beck,Carson,,2001-11-19,2001,11,19,76,233,QB,QB,2026
kmxbbgpqgw,kmxbbgpqgw,4362748,23812,tyler-badie,00-0037085,19473,BadiTy00,8208,e62678b9-9816-420f-bf86-398e7fea7063,Q108760978,34152,T.Badie,Tyler,Tyler Badie,"Badie, Tyler","Badie, T",Tyler Badie,,Tyler Badie,Badie,Tyler,,1999-02-07,1999,02,07,68,194,RB,RB,2022
kn7ztbe0xd,kn7ztbe0xd,3046439,15561,hunter-henry,00-0033090,14968,HenrHu00,3214,705899da-3c20-4bc3-b5d0-2e6e40655131,Q16729769,29269,H.Henry,Hunter,Hunter Henry,"Henry, Hunter","Henry, H",Hunter Henry,,Hunter Henry,Henry,Hunter,,1994-12-07,1994,12,07,77,249,TE,TE,2016
knc1b1h88h,knc1b1h88h,4241476,25813,tyrell-shavers,00-0038679,20932,ShavTy00,11377,07eb12f0-f011-11ed-ac82-d7e41925e5ba,Q120628723,40630,T.Shavers,Tyrell,Tyrell Shavers,"Shavers, Tyrell","Shavers, T",Tyrell Shavers,,Tyrell Shavers,Shavers,Tyrell,,1999-08-18,1999,08,18,76,211,WR,WR,2023
kq8x90t8jw,kq8x90t8jw,4035004,18587,mecole-hardman,00-0035140,17053,HardMe00,5917,fe6dc768-d576-476c-b150-53b85af2a1d1,Q62081152,31888,M.Hardman,Carey,Mecole Hardman,"Hardman, Mecole","Hardman, M",Carey Hardman,Jr.,Mecole Hardman,Hardman,Mecole,,1998-03-12,1998,03,12,70,187,WR,WR,2019
kqtvg8eer0,kqtvg8eer0,4608686,27131,kyle-monangai,00-0040236,22119,MonaKy00,12534,6edec23b-f938-40f7-a151-1db5374880dd,Q123583355,42025,K.Monangai,Kyle,Kyle Monangai,"Monangai, Kyle","Monangai, K",Kyle Monangai,,Kyle Monangai,Monangai,Kyle,,2002-06-06,2002,06,06,68,207,RB,RB,2025
krhnlsgw44,krhnlsgw44,4035538,18239,david-montgomery,00-0035685,17016,MontDa01,5892,1c9e1cd5-8cb1-4a15-a2c8-3a0c0fd5423c,Q48977154,31905,D.Montgomery,David,David Montgomery,"Montgomery, David","Montgomery, D",David Montgomery,,David Montgomery,Montgomery,David,,1997-06-07,1997,06,07,71,230,RB,RB,2019
kx70els1c0,kx70els1c0,4426339,23081,spencer-rattler,00-0039376,21413,RattSp00,11562,e0eecf78-86b2-4ee8-8ac9-d7713a138765,Q81081093,41043,S.Rattler,Spencer,Spencer Rattler,"Rattler, Spencer","Rattler, S",Spencer Rattler,,Spencer Rattler,Rattler,Spencer,,2000-09-28,2000,09,28,72,211,QB,QB,2024
l4x2ghv0m0,l4x2ghv0m0,4685477,27326,jam-miller,00-0041129,23189,MillJa03,13403,e7144c4a-1dd7-4474-b033-ad06e08f1745,Q130258565,42867,J.Miller,Jamarion,Jam Miller,"Miller, Jam","Miller, J",Jamarion Miller,,Jam Miller,Miller,Jam,,2004-04-29,2004,04,29,70,209,RB,RB,2026
l5yf58hgem,l5yf58hgem,4568263,27261,ryan-fitzgerald,00-0040279,22573,FitzRy01,12961,7bf5a2e0-2512-11f0-9825-33176da47896,Q131318957,42262,R.Fitzgerald,Ryan,Ryan Fitzgerald,"Fitzgerald, Ryan","Fitzgerald, R",Ryan Fitzgerald,,Ryan Fitzgerald,Fitzgerald,Ryan,,2000-08-13,2000,08,13,71,201,K,SPEC,2025
l66dmcek6h,l66dmcek6h,3055899,16712,harrison-butker,00-0033303,15375,ButkHa00,4227,4ceb866c-8eaf-49b5-9043-56228e43a2e5,Q29618209,30346,H.Butker,Harrison,Harrison Butker,"Butker, Harrison","Butker, H",Harrison Butker,,Harrison Butker,Butker,Harrison,,1995-07-14,1995,07,14,76,205,K,SPEC,2017
l73qpm0280,l73qpm0280,4696882,26011,devontez-walker,00-0039792,21138,WalkDe01,11629,b5d1ed29-c72a-45ff-ae60-337e13728b2f,Q121176764,40991,D.Walker,Devontez,Devontez Walker,"Walker, Devontez","Walker, D",Devontez Walker,,Devontez Walker,Walker,Devontez,,2001-06-19,2001,06,19,73,198,WR,WR,2024
l7bgkc8lmm,l7bgkc8lmm,3121422,18466,terry-mclaurin,00-0035659,17062,McLaTe00,5927,7e8c4641-2beb-4213-ba22-69fe0307005f,Q63347408,31908,T.McLaurin,Terry,Terry McLaurin,"McLaurin, Terry","McLaurin, T",Terry McLaurin,,Terry McLaurin,McLaurin,Terry,,1995-09-15,1995,09,15,72,210,WR,WR,2019
l7zbs4j8nh,l7zbs4j8nh,4686472,23080,marvin-mims,00-0038976,20293,MimsMa00,9494,fcd780e6-6d43-4c2e-b740-59ae09911345,Q100307864,40090,M.Mims,Marvin,Marvin Mims,"Mims, Marvin","Mims, M",Marvin Mims Jr.,Jr.,Marvin Mims Jr.,Mims,Marvin,,2002-03-19,2002,03,19,71,182,WR,WR,2023
lb6q42mhhh,lb6q42mhhh,4432545,24369,jabari-small,00-0039652,21972,SmalJa00,12356,bd14f200-0c9d-11ef-b4ed-99c2e96904b1,Q125458390,41661,J.Small,Jabari,Jabari Small,"Small, Jabari","Small, J",Jabari Small,,Jabari Small,Small,Jabari,,2002-01-31,2002,01,31,71,208,RB,RB,2024
lbtk361w1r,lbtk361w1r,4712579,28140,dillon-bell,00-0041342,23295,BellDi00,13621,8206b840-419f-11f1-8b6b-0d6e41126fa4,Q123739228,42914,D.Bell,Dillon,Dillon Bell,"Bell, Dillon","Bell, D",Dillon Bell,,Dillon Bell,Bell,Dillon,,2003-11-06,2003,11,06,73,210,WR,WR,2026
lc1fw5wpn0,lc1fw5wpn0,17372,13029,chris-boswell,00-0031136,13331,BoswCh00,1945,441eb531-1ec8-4f65-9174-78bc6adada63,Q18149300,28188,C.Boswell,Christopher,Chris Boswell,"Boswell, Chris","Boswell, C",Christopher Boswell,,Chris Boswell,Boswell,Chris,,1991-03-16,1991,03,16,74,185,K,SPEC,2014
lhj052p574,lhj052p574,3895856,17268,christian-kirk,00-0034775,16132,KirkCh01,4950,ebcd87ce-218c-4144-810b-921c2f59d6e8,Q25256576,31017,C.Kirk,Christian,Christian Kirk,"Kirk, Christian","Kirk, C",Christian Kirk,,Christian Kirk,Kirk,Christian,,1996-11-18,1996,11,18,71,200,WR,WR,2018
ljl1cq6eq8,ljl1cq6eq8,4685381,24379,emmanuel-henderson,00-0040895,23211,HendEm00,13313,6be3c204-6a34-4395-82e1-5c7ed857abe0,Q136399902,42821,E.Henderson,Emmanuel,Emmanuel Henderson,"Henderson, Emmanuel","Henderson, E",Emmanuel Henderson Jr.,Jr.,Emmanuel Henderson Jr.,Henderson,Emmanuel,,2003-03-21,2003,03,21,73,185,WR,WR,2026
lk7jngzflm,lk7jngzflm,3917315,18600,kyler-murray,00-0035228,17009,MurrKy00,5849,dd5a6b6e-ffae-45a5-b8e6-718a9251f374,Q18648942,31833,K.Murray,Kyler,Kyler Murray,"Murray, Kyler","Murray, K",Kyler Murray,,Kyler Murray,Murray,Kyler,,1997-08-07,1997,08,07,70,207,QB,QB,2019
lklwmrqhxh,lklwmrqhxh,4690013,25983,rasheen-ali,00-0039796,21167,AlixRa00,11570,9aeb79b0-e55b-4341-8c6b-233971b667a7,Q122866013,41033,R.Ali,Rasheen,Rasheen Ali,"Ali, Rasheen","Ali, R",Rasheen Ali,,Rasheen Ali,Ali,Rasheen,,2001-02-16,2001,02,16,71,210,RB,RB,2024
llhrbee1eh,llhrbee1eh,4590292,23039,thomas-fidone,00-0040225,22100,FidoTh00,12715,0e21445d-6318-43ce-ba78-310ee648b602,Q130603051,42004,T.Fidone,Thomas,Thomas Fidone,"Fidone, Thomas","Fidone, T",Thomas Fidone II,II,Thomas Fidone II,Fidone,Thomas,,2002-09-20,2002,09,20,78,255,TE,TE,2025
lm85khl70m,lm85khl70m,4360078,23791,alec-pierce,00-0037664,19463,PierAl00,8142,a67ee8f8-e9de-4fb9-90b6-edca2f83f6d8,Q108858703,34008,A.Pierce,Alec,Alec Pierce,"Pierce, Alec","Pierce, A",Alec Pierce,,Alec Pierce,Pierce,Alec,,2000-05-02,2000,05,02,75,211,WR,WR,2022
ltvjyjmb8r,ltvjyjmb8r,4871023,26009,carnell-tate,00-0041438,22929,TateCa00,13279,a8693aee-cde4-464f-a0d8-355fb72c041d,Q121991604,42626,C.Tate,Carnell,Carnell Tate,"Tate, Carnell","Tate, C",Carnell Tate,,Carnell Tate,Tate,Carnell,,2005-01-19,2005,01,19,74,192,WR,WR,2026
lv1w8v04cw,lv1w8v04cw,4430684,26661,treyton-welch,00-0039518,21649,WelcTr00,12079,07814d30-072a-11ef-ba75-176276cf11f0,Q130539112,41363,T.Welch,Treyton,Treyton Welch,"Welch, Treyton","Welch, T",Treyton Welch,,Treyton Welch,Welch,Treyton,,2001-01-10,2001,01,10,76,240,TE,TE,2024
lv4x9ft9z0,lv4x9ft9z0,4596602,27259,brashard-smith,00-0040078,22117,SmitBr09,12455,3170164a-1718-4a39-9ef2-e18104e35fef,Q123412413,42012,B.Smith,Brashard,Brashard Smith,"Smith, Brashard","Smith, B",Brashard Smith,,Brashard Smith,Smith,Brashard,,2003-04-11,2003,04,11,70,196,RB,RB,2025
lxk6v8ftmh,lxk6v8ftmh,4685526,24367,adam-randall,00-0040888,22960,RandAd00,13302,4fa0fbdb-05a1-4ca0-89dd-f999978b5827,Q121030748,42780,A.Randall,Adam,Adam Randall,"Randall, Adam","Randall, A",Adam Randall,,Adam Randall,Randall,Adam,,2004-07-14,2004,07,14,75,232,RB,RB,2026
lze60g94tr,lze60g94tr,16733,12127,odell-beckham,00-0031235,12688,BeckOd00,2078,354dec38-b88b-4ba0-8974-859123f27c45,Q16212482,27540,O.Beckham,Odell,Odell Beckham,"Beckham, Odell","Beckham, O",Odell Beckham Jr.,Jr.,Odell Beckham Jr.,Beckham,Odell,,1992-11-05,1992,11,05,71,200,WR,WR,2014
m22wg4v39m,m22wg4v39m,4678008,26148,jonathon-brooks,00-0039344,21133,BrooJo02,11583,5c842941-844b-4f6a-bce4-26b377146674,Q122789703,40926,J.Brooks,Jonathon,Jonathon Brooks,"Brooks, Jonathon","Brooks, J",Jonathon Brooks,,Jonathon Brooks,Brooks,Jonathon,,2003-07-21,2003,07,21,72,216,RB,RB,2024
m3bt4py01r,m3bt4py01r,4363538,25354,chad-ryland,00-0038567,20486,RylaCh00,10955,c77efa70-0691-4a21-8064-a5880569b559,Q117706517,40159,C.Ryland,Chad,Chad Ryland,"Ryland, Chad","Ryland, C",Chad Ryland,,Chad Ryland,Ryland,Chad,,1999-10-15,1999,10,15,72,195,K,SPEC,2023
m4lg68kvw8,m4lg68kvw8,4361100,26436,jack-westover,00-0039305,21705,WestJa01,12045,22926aa0-0725-11ef-bcfc-752f39cb55fa,Q124154413,41352,J.Westover,Jack,Jack Westover,"Westover, Jack","Westover, J",Jack Westover,,Jack Westover,Westover,Jack,,1999-06-09,1999,06,09,75,252,TE,TE,2024
m52zwd42tm,m52zwd42tm,4035537,23249,kene-nwangwu,00-0036842,18992,NwanKe00,7720,482c1032-765a-48d3-b46e-b47a809dbee4,Q106677430,33507,K.Nwangwu,Kene,Kene Nwangwu,"Nwangwu, Kene","Nwangwu, K",Kene Nwangwu,,Kene Nwangwu,Nwangwu,Kene,,1998-02-09,1998,02,09,73,210,RB,RB,2021
m5b682cxy8,m5b682cxy8,3892775,18604,jarrett-stidham,00-0035264,17022,StidJa00,6136,582fe465-135a-4901-beef-60aebce99067,Q21622967,31965,J.Stidham,Jarrett,Jarrett Stidham,"Stidham, Jarrett","Stidham, J",Jarrett Stidham,,Jarrett Stidham,Stidham,Jarrett,,1996-08-08,1996,08,08,75,215,QB,QB,2019
m7wzkfhkqw,m7wzkfhkqw,3116164,17272,mike-gesicki,00-0034829,16149,GesiMi00,4993,1012cbe0-7eba-4169-bfca-183a0204e1a7,Q27899288,31012,M.Gesicki,Michael,Mike Gesicki,"Gesicki, Mike","Gesicki, M",Michael Gesicki,,Mike Gesicki,Gesicki,Mike,,1995-10-03,1995,10,03,78,245,TE,TE,2018
m838s3j488,m838s3j488,4575665,25289,jacob-cowing,00-0039365,21156,CowiJa00,11616,9c145f4f-c9b1-4c2c-b011-8dc40167d0f1,Q113501464,40996,J.Cowing,Jacob,Jacob Cowing,"Cowing, Jacob","Cowing, J",Jacob Cowing,,Jacob Cowing,Cowing,Jacob,,2001-02-04,2001,02,04,69,170,WR,WR,2024
m86chm31p0,m86chm31p0,4432577,23071,cj-stroud,00-0039163,20280,StroCJ00,9758,7e91086f-9ca4-4bd9-a099-b88b2f37e6c6,Q104856413,40030,C.Stroud,Coleridge,C.J. Stroud,"Stroud, C.J.","Stroud, C",Coleridge Stroud,,C.J. Stroud,Stroud,C.J.,,2001-10-03,2001,10,03,75,218,QB,QB,2023
mbxm5vnnmd,mbxm5vnnmd,4685183,27557,jp-richardson,00-0040275,22292,RichJP00,12746,46e7a540-22fa-11f0-9b1e-5bbc697f9f6c,Q136705420,42047,J.Richardson,JP,JP Richardson,"Richardson, JP","Richardson, J",JP Richardson,,JP Richardson,Richardson,JP,,2002-03-23,2002,03,23,71,192,WR,WR,2025
meqm3br97r,meqm3br97r,4047646,18218,aj-brown,00-0035676,17004,BrowAJ00,5859,a9e580f2-1fbe-46fb-887c-c84089b507e4,Q45189411,31883,A.Brown,Arthur,A.J. Brown,"Brown, A.J.","Brown, A",Arthur Brown,,A.J. Brown,Brown,A.J.,,1997-06-30,1997,06,30,73,226,WR,WR,2019
mhj74wzzb8,mhj74wzzb8,4832800,27339,denzel-boston,00-0041037,22934,BostDe00,13346,a17e4b32-20bb-4552-855e-0aa3cf0bafab,Q130333034,42661,D.Boston,Denzel,Denzel Boston,"Boston, Denzel","Boston, D",Denzel Boston,,Denzel Boston,Boston,Denzel,,2003-12-06,2003,12,06,76,215,WR,WR,2026
mhwrfrn03w,mhwrfrn03w,2573079,15520,carson-wentz,00-0032950,14911,WentCa00,3161,e9a5c16b-4472-4be9-8030-3f77be7890cb,Q21067205,29236,C.Wentz,Carson,Carson Wentz,"Wentz, Carson","Wentz, C",Carson Wentz,,Carson Wentz,Wentz,Carson,,1992-12-30,1992,12,30,77,237,QB,QB,2016
mj079tpn4w,mj079tpn4w,4613202,27487,kyle-williams-wr-2025,00-0040131,22128,WillKy03,12547,3aa9330e-5201-4e99-ba55-0102f76bfe05,Q132167395,41864,K.Williams,Kyle,Kyle Williams,"Williams, Kyle","Williams, K",Kyle Williams,,Kyle Williams,Williams,Kyle,,2002-11-13,2002,11,13,71,190,WR,WR,2025
mk54fj9l2h,mk54fj9l2h,3045147,16447,james-conner,00-0033553,15306,ConnJa00,4137,28a084c0-14df-499f-bd1f-b975603626b7,Q18097882,30218,J.Conner,James,James Conner,"Conner, James","Conner, J",James Conner,,James Conner,Conner,James,,1995-05-05,1995,05,05,73,233,RB,RB,2017
mkzrxscdeh,mkzrxscdeh,4595342,25997,oronde-gadsden-ii,00-0040189,22101,GadsOr01,12493,6af50530-145a-4b34-946d-ce1a7f7d3166,Q114315467,41951,O.Gadsden,Oronde,Oronde Gadsden,"Gadsden, Oronde","Gadsden, O",Oronde Gadsden II,II,Oronde Gadsden II,Gadsden,Oronde,,2003-06-25,2003,06,25,77,236,TE,TE,2025
mlm76t1rt0,mlm76t1rt0,4689114,23160,jaxson-dart,00-0040691,22087,DartJa00,12508,53848cba-bcad-4cd0-bb35-0a1f6ed111d1,Q106993197,41810,J.Dart,Jaxson,Jaxson Dart,"Dart, Jaxson","Dart, J",Jaxson Dart,,Jaxson Dart,Dart,Jaxson,,2003-05-13,2003,05,13,74,223,QB,QB,2025
mn89bhmlhm,mn89bhmlhm,3915511,19196,joe-burrow,00-0036442,17968,BurrJo01,6770,3023ac10-4e7f-425f-9fc5-2b8e6332c92e,Q56860229,32671,J.Burrow,Joseph,Joe Burrow,"Burrow, Joe","Burrow, J",Joseph Burrow,,Joe Burrow,Burrow,Joe,,1996-12-10,1996,12,10,76,215,QB,QB,2020
mpz6hd3gt4,mpz6hd3gt4,4038941,18635,justin-herbert,00-0036355,17976,HerbJu00,6797,f0a8f8e3-b9e9-46ed-85e4-eec6452a8a44,Q27734163,32676,J.Herbert,Justin,Justin Herbert,"Herbert, Justin","Herbert, J",Justin Herbert,,Justin Herbert,Herbert,Justin,,1998-03-10,1998,03,10,78,236,QB,QB,2020
mqeysvrgnd,mqeysvrgnd,4039057,18590,liljordan-humphrey,00-0035406,17049,HumpLi01,5938,b7f930af-ddd2-4a48-9617-96bda81b0334,Q60524318,32494,L.Humphrey,Lil'Jordan,Lil'Jordan Humphrey,"Humphrey, Lil'Jordan","Humphrey, L",Lil'Jordan Humphrey,,Lil'Jordan Humphrey,Humphrey,Lil'Jordan,,1998-04-19,1998,04,19,76,225,WR,WR,2019
mqg85b0wld,mqg85b0wld,15847,11594,travis-kelce,00-0030506,11842,KelcTr00,1466,c3859e06-5f23-4302-a71b-04820a899d5f,Q7836292,26686,T.Kelce,Travis,Travis Kelce,"Kelce, Travis","Kelce, T",Travis Kelce,,Travis Kelce,Kelce,Travis,,1989-10-05,1989,10,05,77,250,TE,TE,2013
mrp29fnjjm,mrp29fnjjm,4372096,25267,luke-schoonmaker,00-0038547,20353,SchoLu00,10871,143957a7-4649-4a19-b351-e606edc75ebd,Q114174091,40061,L.Schoonmaker,Luke,Luke Schoonmaker,"Schoonmaker, Luke","Schoonmaker, L",Luke Schoonmaker,,Luke Schoonmaker,Schoonmaker,Luke,,1998-09-28,1998,09,28,77,250,TE,TE,2023
mstcb03l7d,mstcb03l7d,4429025,23123,quentin-johnston,00-0038544,20276,JohnQu02,9754,e648bc98-bc81-44d0-8d4b-b9223c497ff4,Q113276021,40051,Q.Johnston,Quentin,Quentin Johnston,"Johnston, Quentin","Johnston, Q",Quentin Johnston,,Quentin Johnston,Johnston,Quentin,,2001-09-06,2001,09,06,74,208,WR,WR,2023
mt2e9e77rd,mt2e9e77rd,4431588,24334,jatavion-sanders,00-0039356,21143,SandJa01,11600,ffd2ff3f-4b56-4232-be8e-bf163c29f406,Q115492173,40995,J.Sanders,Ja'Tavion,Ja'Tavion Sanders,"Sanders, Ja'Tavion","Sanders, J",Ja'Tavion Sanders,,Ja'Tavion Sanders,Sanders,Ja'Tavion,,2003-03-27,2003,03,27,76,243,TE,TE,2024
mt75bqenj0,mt75bqenj0,4366963,26194,dylan-laube,00-0039407,21175,LaubDy00,11574,de5b56bd-33f0-48bc-b1e3-9523bd6bba64,Q124382622,41054,D.Laube,Dylan,Dylan Laube,"Laube, Dylan","Laube, D",Dylan Laube,,Dylan Laube,Laube,Dylan,,1999-12-14,1999,12,14,70,206,RB,RB,2024
mtd655re50,mtd655re50,4361370,20111,chris-olave,00-0037239,19432,OlavCh00,8144,2375d572-a36c-4365-bb3f-87e156526e2f,Q72939793,33966,C.Olave,Chris,Chris Olave,"Olave, Chris","Olave, C",Chris Olave,,Chris Olave,Olave,Chris,,2000-06-27,2000,06,27,72,187,WR,WR,2022
mztcpq93m8,mztcpq93m8,4430807,23133,bijan-robinson,00-0038542,20271,RobiBi01,9509,f78d68c2-f9da-48e7-b954-26b69efd828d,Q104531137,40055,B.Robinson,Bijan,Bijan Robinson,"Robinson, Bijan","Robinson, B",Bijan Robinson,,Bijan Robinson,Robinson,Bijan,,2002-01-30,2002,01,30,71,215,RB,RB,2023
n08hgfwem4,n08hgfwem4,4635009,26139,jmichael-sturdivant,00-0040948,23409,MichJ00,13770,30924f80-4283-11f1-a96f-9ba42ea77973,Q118209515,43085,J.Sturdivant,J. Michael,J. Michael Sturdivant,"Sturdivant, J. Michael","Sturdivant, J",J. Michael Sturdivant,,J. Michael Sturdivant,Sturdivant,J. Michael,,2002-09-06,2002,09,06,75,207,WR,WR,2026
n4n2y7rv7d,n4n2y7rv7d,4685413,24361,cade-klubnik,00-0041056,23104,KlubCa00,13303,3a62187b-d6b6-43fb-82c9-efabd8a6c0e0,Q110514705,42732,C.Klubnik,Cade,Cade Klubnik,"Klubnik, Cade","Klubnik, C",Cade Klubnik,,Cade Klubnik,Klubnik,Cade,,2003-10-10,2003,10,10,74,207,QB,QB,2026
n4nllwkqcd,n4nllwkqcd,3050478,16540,jake-elliott,00-0033787,15376,ElliJa03,4195,059e5bb7-1842-4558-9aaf-77c352a21216,Q22004199,30266,J.Elliott,Jacob,Jake Elliott,"Elliott, Jake","Elliott, J",Jacob Elliott,,Jake Elliott,Elliott,Jake,,1995-01-21,1995,01,21,69,167,K,SPEC,2017
nb9dfq04zm,nb9dfq04zm,4243003,23986,ronnie-rivers,00-0037557,19879,RiveRo01,8195,246db560-cb4e-11ec-a667-6354702e3fca,Q113509646,34310,R.Rivers,Ronnie,Ronnie Rivers,"Rivers, Ronnie","Rivers, R",Ronnie Rivers,,Ronnie Rivers,Rivers,Ronnie,,1999-01-31,1999,01,31,69,198,RB,RB,2022
nc8268fzd0,nc8268fzd0,4362477,25334,derius-davis,00-0038573,20480,DaviDe02,10234,21bf2521-3382-4e62-8249-a083435595b3,Q115665015,40133,D.Davis,Derius,Derius Davis,"Davis, Derius","Davis, D",Derius Davis,,Derius Davis,Davis,Derius,,2000-09-11,2000,09,11,68,165,WR,WR,2023
ndc0bkkfzd,ndc0bkkfzd,4373273,26748,british-brooks,00-0039603,21754,BrooBr01,12171,2ef88b80-07cf-11ef-96cf-876a6c13e638,Q129255829,41480,B.Brooks,British,British Brooks,"Brooks, British","Brooks, B",British Brooks,,British Brooks,Brooks,British,,1999-11-18,1999,11,18,71,225,RB,RB,2024
new1v148yr,new1v148yr,3051738,17528,marquez-valdesscantling,00-0034272,16312,ValdMa00,5086,e7f0a505-8060-403e-a3b3-9d4e88dda1dc,Q52290858,31144,M.Valdes-Scantling,Marquez,Marquez Valdes-Scantling,"Valdes-Scantling, Marquez","Valdes-Scantling, M",Marquez Valdes-Scantling,,Marquez Valdes-Scantling,Valdes-Scantling,Marquez,,1994-10-10,1994,10,10,76,212,WR,WR,2018
nfq4zfzb6m,nfq4zfzb6m,4362628,19788,jamarr-chase,00-0036900,18775,ChasJa00,7564,fa99e984-d63b-4ef4-a164-407f68a7eeaf,Q71605348,33393,J.Chase,Ja'Marr,Ja'Marr Chase,"Chase, Ja'Marr","Chase, J",Ja'Marr Chase,,Ja'Marr Chase,Chase,Ja'Marr,,2000-03-01,2000,03,01,72,205,WR,WR,2021
nftzhtqqjd,nftzhtqqjd,3916148,18705,tony-pollard,00-0035261,17067,PollTo00,5967,33b0227d-4c21-4e71-b4cd-be35f7db9123,Q61789041,31960,T.Pollard,Tony,Tony Pollard,"Pollard, Tony","Pollard, T",Tony Pollard,,Tony Pollard,Pollard,Tony,,1997-04-30,1997,04,30,72,209,RB,RB,2019
ngq5b60yk4,ngq5b60yk4,4431466,27486,jordan-watkins,00-0040172,22267,WatkJo00,12634,bd65c350-6044-415a-8749-e70a3b8f86e2,Q131173700,41917,J.Watkins,Jordan,Jordan Watkins,"Watkins, Jordan","Watkins, J",Jordan Watkins,,Jordan Watkins,Watkins,Jordan,,2002-02-15,2002,02,15,71,196,WR,WR,2025
nk7q0w601d,nk7q0w601d,4361579,22739,javonte-williams,00-0036997,18771,WillJa10,7588,889dcdc5-3d88-45df-9677-5ad7ff87c011,Q100792997,33423,J.Williams,Javonte,Javonte Williams,"Williams, Javonte","Williams, J",Javonte Williams,,Javonte Williams,Williams,Javonte,,2000-04-25,2000,04,25,70,220,RB,RB,2021
nkgdf5qp94,nkgdf5qp94,4372414,20114,elijah-moore,00-0036980,18795,MoorEl00,7596,b1935e20-6bd6-4863-8d7e-702ec403491f,Q99670443,33422,E.Moore,Elijah,Elijah Moore,"Moore, Elijah","Moore, E",Elijah Moore,,Elijah Moore,Moore,Elijah,,2000-03-27,2000,03,27,70,178,WR,WR,2021
nlnhkd9mvm,nlnhkd9mvm,4565185,27182,tai-felton,00-0040154,22214,FeltTa00,12496,1eeea030-3313-4aab-b33c-9f836710354a,Q129675954,41859,T.Felton,Tai,Tai Felton,"Felton, Tai","Felton, T",Tai Felton,,Tai Felton,Felton,Tai,,2003-03-15,2003,03,15,73,186,WR,WR,2025
npg6wj47dw,npg6wj47dw,3046779,15501,jared-goff,00-0033106,14748,GoffJa00,3163,aba8f925-ffbf-4654-bfa7-a25d3d237494,Q14950697,29235,J.Goff,Jared,Jared Goff,"Goff, Jared","Goff, J",Jared Goff,,Jared Goff,Goff,Jared,,1994-10-14,1994,10,14,76,217,QB,QB,2016
ns0fvxw6mw,ns0fvxw6mw,4429022,22989,kayshon-boutte,00-0038608,20326,BoutKa00,9504,9c054866-5e6c-460b-9af3-ebf91e7d0a3e,Q104172703,40224,K.Boutte,Kayshon,Kayshon Boutte,"Boutte, Kayshon","Boutte, K",Kayshon Boutte,,Kayshon Boutte,Boutte,Kayshon,,2002-05-07,2002,05,07,71,203,WR,WR,2023
ntgdjmzsg8,ntgdjmzsg8,2998565,16579,mo-alie-cox,00-0033217,15214,AlieMo00,4054,8809c0dd-786b-4255-a7d0-333c9498c19a,Q43374933,30112,M.Alie-Cox,Mohamed,Mo Alie-Cox,"Alie-Cox, Mo","Alie-Cox, M",Mohamed Alie-Cox,,Mo Alie-Cox,Alie-Cox,Mo,,1993-09-19,1993,09,19,77,267,TE,TE,2017
nxx2ndmkf0,nxx2ndmkf0,4048228,22833,john-bates,00-0036628,19005,BateJo00,7716,3208880b-949f-4926-85eb-1940770550ea,Q106677495,33512,J.Bates,John,John Bates,"Bates, John","Bates, J",John Bates,,John Bates,Bates,John,,1997-11-06,1997,11,06,78,256,TE,TE,2021
ny1p0ensx8,ny1p0ensx8,4877706,27077,jayden-higgins,00-0040130,22114,HiggJa00,12484,f55444a9-ccad-4343-bb03-caca6ea3de99,Q125119368,41819,J.Higgins,Jayden,Jayden Higgins,"Higgins, Jayden","Higgins, J",Jayden Higgins,,Jayden Higgins,Higgins,Jayden,,2002-12-15,2002,12,15,76,215,WR,WR,2025
nzzyrh3nlm,nzzyrh3nlm,3122840,16398,deshaun-watson,00-0033537,15231,WatsDe00,4017,eec5265c-7731-4bb6-8af2-4f98a67f9ab7,Q18159104,30125,D.Watson,Derrick,Deshaun Watson,"Watson, Deshaun","Watson, D",Derrick Watson,,Deshaun Watson,Watson,Deshaun,,1995-09-14,1995,09,14,75,223,QB,QB,2017
p0cz0w4lvr,p0cz0w4lvr,3139477,16413,patrick-mahomes,00-0033873,15234,MahoPa00,4046,11cad59d-90dd-449c-a839-dddaba4fe16c,Q19667998,30123,P.Mahomes,Patrick,Patrick Mahomes,"Mahomes, Patrick","Mahomes, P",Patrick Mahomes,II,Patrick Mahomes,Mahomes,Patrick,,1995-09-17,1995,09,17,74,225,QB,QB,2017
p0f7f88p8d,p0f7f88p8d,4695883,26403,jalen-coker,00-0039491,21570,CokeJa01,11646,67977ab0-070b-11ef-978d-05d80704d329,Q124725453,41293,J.Coker,Jalen,Jalen Coker,"Coker, Jalen","Coker, J",Jalen Coker,,Jalen Coker,Coker,Jalen,,2001-10-30,2001,10,30,75,213,WR,WR,2024
p0xps0lfyr,p0xps0lfyr,4430539,25345,brenton-strange,00-0038935,20425,StraBr00,9480,94f135f7-9d54-4cbd-b560-fcaf83d414b0,Q115492004,40078,B.Strange,Brenton,Brenton Strange,"Strange, Brenton","Strange, B",Brenton Strange,,Brenton Strange,Strange,Brenton,,2000-12-27,2000,12,27,76,253,TE,TE,2023
p1tgm3gk7d,p1tgm3gk7d,4569682,23054,audric-estime,00-0039373,21134,EstiAu00,11579,3b86dd7c-0b21-448d-a662-5675e87fd0da,Q114652896,41019,A.Estime,Audric,Audric Estime,"Estime, Audric","Estime, A",Audric Estime,,Audric Estimé,Estime,Audric,,2003-09-06,2003,09,06,71,227,RB,RB,2024
p2p7gd1ns0,p2p7gd1ns0,4241478,19222,devonta-smith,00-0036912,18778,SmitDe07,7525,3555d07e-57ae-43de-97d5-b1b5bf055f17,Q68974853,33398,D.Smith,DeVonta,DeVonta Smith,"Smith, DeVonta","Smith, D",DeVonta Smith,,DeVonta Smith,Smith,DeVonta,,1998-11-14,1998,11,14,72,170,WR,WR,2021
p3285j2vp0,p3285j2vp0,4361050,23781,isaiah-likely,00-0037838,19464,LikeIs00,8131,f9279edb-cfa7-4f7d-91df-b81cbf3e133e,Q108908602,34095,I.Likely,Isaiah,Isaiah Likely,"Likely, Isaiah","Likely, I",Isaiah Likely,,Isaiah Likely,Likely,Isaiah,,2000-04-18,2000,04,18,76,245,TE,TE,2022
p3ce34r13d,p3ce34r13d,3916387,17233,lamar-jackson,00-0034796,16081,JackLa00,4881,e06a9c07-453a-4bb0-a7e9-2c3a64166dad,Q24809702,31002,L.Jackson,Lamar,Lamar Jackson,"Jackson, Lamar","Jackson, L",Lamar Jackson,,Lamar Jackson,Jackson,Lamar,,1997-01-07,1997,01,07,74,205,QB,QB,2018
p724ekkw90,p724ekkw90,4241479,19198,tua-tagovailoa,00-0036212,17975,TagoTu00,6768,26ad9c27-de38-495e-913c-6fb2428e76d3,Q47138769,32675,T.Tagovailoa,Tuanigamanuolepola,Tua Tagovailoa,"Tagovailoa, Tua","Tagovailoa, T",Tuanigamanuolepola Tagovailoa,,Tua Tagovailoa,Tagovailoa,Tua,,1998-03-02,1998,03,02,73,225,QB,QB,2020
p7jrt3pqnh,p7jrt3pqnh,4036133,18290,tj-hockenson,00-0035229,17014,HockTJ00,5844,bd1120b6-38b3-4225-a4b0-20660a149d0d,Q59656135,31840,T.Hockenson,Thomas,T.J. Hockenson,"Hockenson, T.J.","Hockenson, T",Thomas Hockenson,,T.J. Hockenson,Hockenson,T.J.,,1997-07-03,1997,07,03,77,248,TE,TE,2019
p8ts35dncw,p8ts35dncw,4431465,23146,behren-morton,00-0041123,23185,MortBe00,13295,0fe9c501-799c-45f7-a48f-2b4d9d6e9452,Q115491999,42856,B.Morton,Behren,Behren Morton,"Morton, Behren","Morton, B",Behren Morton,,Behren Morton,Morton,Behren,,2002-01-17,2002,01,17,74,218,QB,QB,2026
p9erj3hs8m,p9erj3hs8m,4688552,27287,keleki-latu,00-0040363,22402,LatuKe00,12765,839e8540-2308-11f0-aa64-8d9c47758cf0,Q136813695,42063,K.Latu,Keleki,Keleki Latu,"Latu, Keleki","Latu, K",Keleki Latu,,Keleki Latu,Latu,Keleki,,2002-08-13,2002,08,13,78,249,TE,TE,2025
p9fb9b3x5r,p9fb9b3x5r,4831959,28154,eli-raridon,00-0041395,23050,RariEl00,13421,aa71e3dc-07e5-4f99-ad1a-2f95ced64c28,Q136035435,42717,E.Raridon,Elijah,Eli Raridon,"Raridon, Eli","Raridon, E",Elijah Raridon,,Eli Raridon,Raridon,Eli,,2004-02-12,2004,02,12,78,245,TE,TE,2026
pf3193cwfd,pf3193cwfd,4431492,28896,roman-wilson-wr,00-0039739,21148,WilsRo02,11630,43563ab6-46b9-44d3-aaf2-bc1eb4d1f8d1,Q113900863,40952,R.Wilson,Roman,Roman Wilson,"Wilson, Roman","Wilson, R",Roman Wilson,,Roman Wilson,Wilson,Roman,,2001-06-19,2001,06,19,70,186,WR,WR,2024
pft5glbsw8,pft5glbsw8,4259305,24049,bo-melton,00-0037091,19736,MeltBo00,8204,36953df8-fbc3-4505-b5b3-dec8433620dc,Q111536390,34185,B.Melton,Miles,Bo Melton,"Melton, Bo","Melton, B",Miles Melton,,Bo Melton,Melton,Bo,,1999-05-18,1999,05,18,71,189,WR,WR,2022
pgxkyprl50,pgxkyprl50,3052587,17237,baker-mayfield,00-0034855,16069,MayfBa00,4892,30198d30-9769-4e10-ac86-b4c91d940802,Q14950655,30971,B.Mayfield,Baker,Baker Mayfield,"Mayfield, Baker","Mayfield, B",Baker Mayfield,,Baker Mayfield,Mayfield,Baker,,1995-04-14,1995,04,14,73,215,QB,QB,2018
ph5r2qfm7m,ph5r2qfm7m,4573398,27580,max-brosmer,00-0040494,22429,BrosMa00,12775,921d4a00-230f-11f0-8931-09b8041f90bf,Q123985403,42075,M.Brosmer,Max,Max Brosmer,"Brosmer, Max","Brosmer, M",Max Brosmer,,Max Brosmer,Brosmer,Max,,2001-03-28,2001,03,28,74,217,QB,QB,2025
pjdpnswfc0,pjdpnswfc0,3149687,25823,christopher-brooks,00-0038685,20954,BrooCh00,11370,35a0d440-f017-11ed-bedb-53f19b227cc3,Q118924098,40625,C.Brooks,Christopher,Chris Brooks,"Brooks, Chris","Brooks, C",Christopher Brooks,,Chris Brooks,Brooks,Chris,,2000-01-11,2000,01,11,73,219,RB,RB,2023
pk5bkvkv44,pk5bkvkv44,4372780,22795,tommy-tremble,00-0037005,18807,TremTo00,7694,cbee2fd3-e5f2-4316-bffd-531f1873f032,Q104848769,33471,T.Tremble,Tommy,Tommy Tremble,"Tremble, Tommy","Tremble, T",Tommy Tremble,,Tommy Tremble,Tremble,Tommy,,2000-06-02,2000,06,02,76,247,TE,TE,2021
pkn8c7hx5d,pkn8c7hx5d,4362452,20155,jaret-patterson,00-0036755,18774,PattJa01,7537,82996e3b-b72d-41ca-8eb1-91e462ceff85,Q92274324,33706,J.Patterson,Jaret,Jaret Patterson,"Patterson, Jaret","Patterson, J",Jaret Patterson,,Jaret Patterson,Patterson,Jaret,,1999-12-23,1999,12,23,68,195,RB,RB,2021
pl78cbl4bw,pl78cbl4bw,4565859,27312,joe-royer,00-0041087,23136,RoyeJo01,13435,8ed0fa45-2483-45ba-8c8e-2e836634bf96,Q130344625,42772,J.Royer,Joe,Joe Royer,"Royer, Joe","Royer, J",Joe Royer,,Joe Royer,Royer,Joe,,2002-02-25,2002,02,25,77,250,TE,TE,2026
pllf7673cr,pllf7673cr,4596334,25360,keaton-mitchell,00-0038454,20344,MitcKe01,9511,16341d80-f01f-11ed-97df-a94b89ac5704,Q117481811,40641,K.Mitchell,Keaton,Keaton Mitchell,"Mitchell, Keaton","Mitchell, K",Keaton Mitchell,,Keaton Mitchell,Mitchell,Keaton,,2002-01-17,2002,01,17,68,191,RB,RB,2023
pm7bk39lp8,pm7bk39lp8,3953687,26068,brandon-aubrey,00-0037692,21100,AubrBr00,11533,110e6fe0-1c34-11ee-8294-af17faac15de,Q28529939,40819,B.Aubrey,Brandon,Brandon Aubrey,"Aubrey, Brandon","Aubrey, B",Brandon Aubrey,,Brandon Aubrey,Aubrey,Brandon,,1995-03-14,1995,03,14,75,218,K,SPEC,2023
pmk1k30qg8,pmk1k30qg8,4432710,23065,treveyon-henderson,00-0040734,22072,HendTr02,12529,0d9788e6-03ee-416d-8ba2-deb57037d209,Q108391363,41823,T.Henderson,TreVeyon,TreVeyon Henderson,"Henderson, TreVeyon","Henderson, T",TreVeyon Henderson,,TreVeyon Henderson,Henderson,TreVeyon,,2002-10-22,2002,10,22,70,202,RB,RB,2025
pncfsszcsh,pncfsszcsh,4685246,24362,kaytron-allen,00-0041096,22940,AlleKa01,13405,7980dd2b-0ce0-4936-aaff-536c09608429,Q115492256,42809,K.Allen,Kaytron,Kaytron Allen,"Allen, Kaytron","Allen, K",Kaytron Allen,,Kaytron Allen,Allen,Kaytron,,2003-01-08,2003,01,08,71,217,RB,RB,2026
pncv7wpzld,pncv7wpzld,4241474,20094,brian-robinson-jr,00-0037746,19468,RobiBr01,8154,795f636e-6f7f-4bc7-a346-2862272abead,Q104872902,34054,B.Robinson,Brian,Brian Robinson,"Robinson, Brian","Robinson, B",Brian Robinson,Jr.,Brian Robinson,Robinson,Brian,,1999-03-22,1999,03,22,73,225,RB,RB,2022
pnhhzc3bt0,pnhhzc3bt0,4241457,19302,najee-harris-rb,00-0036893,18826,HarrNa00,7528,48ec58c3-ec26-4434-b005-8d34035e6667,Q27735036,33412,N.Harris,Najee,Najee Harris,"Harris, Najee","Harris, N",Najee Harris,,Najee Harris,Harris,Najee,,1998-03-09,1998,03,09,73,232,RB,RB,2021
prevkgzder,prevkgzder,4430681,25495,jared-wayne,00-0038728,20535,WaynJa01,11056,28c09980-e6ea-11ed-8605-b736dbb934f2,Q120702551,40288,J.Wayne,Jared,Jared Wayne,"Wayne, Jared","Wayne, J",Jared Wayne,,Jared Wayne,Wayne,Jared,,2000-10-07,2000,10,07,75,210,WR,WR,2023
ps270tb63r,ps270tb63r,5160110,27810,jahdae-walker,00-0040277,22746,WalkJa03,13079,46352a70-25f5-11f0-83f2-77ca9eeac893,Q135951999,42400,J.Walker,Jahdae,Jahdae Walker,"Walker, Jahdae","Walker, J",Jahdae Walker,,Jahdae Walker,Walker,Jahdae,,2002-07-05,2002,07,05,75,206,WR,WR,2025
psvqkwpgem,psvqkwpgem,4038815,19647,rico-dowdle,00-0036139,18036,DowdRi01,7021,bba755a2-63b6-4ac1-b806-0609816135de,Q88817822,33100,R.Dowdle,Rico,Rico Dowdle,"Dowdle, Rico","Dowdle, R",Rico Dowdle,,Rico Dowdle,Dowdle,Rico,,1998-06-14,1998,06,14,72,215,RB,RB,2020
pt9qf602b4,pt9qf602b4,5083076,27050,harold-fannin-jr,00-0040663,22095,FannHa00,12506,8bdf2df7-b51c-4404-b153-8dc62b1e0845,Q130261379,41877,H.Fannin,Harold,Harold Fannin,"Fannin, Harold","Fannin, H",Harold Fannin Jr.,Jr.,Harold Fannin Jr.,Fannin,Harold,,2004-07-20,2004,07,20,76,241,TE,TE,2025
pvtp65y1x0,pvtp65y1x0,4037457,18616,travis-homer,00-0035594,17036,HomeTr00,6012,4afb77d8-4564-469b-be4c-5a8587df8046,Q60287086,32036,T.Homer,Travis,Travis Homer,"Homer, Travis","Homer, T",Travis Homer,,Travis Homer,Homer,Travis,,1998-08-07,1998,08,07,70,202,RB,RB,2019
pyzc9jrlb8,pyzc9jrlb8,4361529,24333,isiah-pacheco,00-0037197,19486,PachIs00,8205,3a25c037-fa30-4740-b742-ec8e4f1a2a25,Q112501462,34207,I.Pacheco,Isiah,Isiah Pacheco,"Pacheco, Isiah","Pacheco, I",Isiah Pacheco,,Isiah Pacheco,Pacheco,Isiah,,1999-03-02,1999,03,02,70,210,RB,RB,2022
pz18xph094,pz18xph094,4685489,25394,jaydn-ott,00-0040959,23236,OttxJa01,13419,261750e0-4199-11f1-bbb5-8b6de4cce956,Q114324322,42895,J.Ott,Jaydn,Jaydn Ott,"Ott, Jaydn","Ott, J",Jaydn Ott,,Jaydn Ott,Ott,Jaydn,,2002-12-16,2002,12,16,71,208,RB,RB,2026
pzt60zyj4r,pzt60zyj4r,4429160,23136,devon-achane,00-0039040,20284,AchaDe00,9226,a4ef921b-8767-4b4f-a651-7675c00f9af0,Q108929256,40118,D.Achane,De'Von,De'Von Achane,"Achane, De'Von","Achane, D",De'Von Achane,,De'Von Achane,Achane,De'Von,,2001-10-13,2001,10,13,69,191,RB,RB,2023
q0e45ydsew,q0e45ydsew,2972515,16477,cooper-rush,00-0033662,15479,RushCo00,4574,4595c8ea-9d85-4504-8a34-2c8a02349105,Q18922596,30788,C.Rush,Cooper,Cooper Rush,"Rush, Cooper","Rush, C",Cooper Rush,,Cooper Rush,Rush,Cooper,,1993-11-21,1993,11,21,75,225,QB,QB,2017
q18pn5rcl4,q18pn5rcl4,4683423,25373,riley-leonard,00-0040206,22084,LeonRi02,12470,38b62d7f-4403-4e2b-8083-4d0cd08e81aa,Q115063674,41968,R.Leonard,Riley,Riley Leonard,"Leonard, Riley","Leonard, R",Riley Leonard,,Riley Leonard,Leonard,Riley,,2002-09-13,2002,09,13,76,213,QB,QB,2025
q1mtx47g80,q1mtx47g80,2991662,16489,mack-hollins,00-0033555,15355,HollMa00,4177,93cb5790-1012-4c42-bccb-5748c27ba7d6,Q24007338,30231,M.Hollins,Mackenzie,Mack Hollins,"Hollins, Mack","Hollins, M",Mackenzie Hollins,,Mack Hollins,Hollins,Mack,,1993-09-16,1993,09,16,76,221,WR,WR,2017
q6ee68998m,q6ee68998m,4683151,27093,deion-burks,00-0041132,22078,BurkDe02,13333,d4e8315f-e8e7-4d5b-8494-3306c220cc31,Q123799216,42876,D.Burks,Deion,Deion Burks,"Burks, Deion","Burks, D",Deion Burks,,Deion Burks,Burks,Deion,,2003-01-08,2003,01,08,69,180,WR,WR,2026
q77b13glnw,q77b13glnw,4372026,24331,cameron-latu,00-0038564,20453,LatuCa01,10210,3763a2ec-ee98-4cf4-9aa7-ee626057c56f,Q108490323,40101,C.Latu,Cameron,Cameron Latu,"Latu, Cameron","Latu, C",Cameron Latu,,Cameron Latu,Latu,Cameron,,2000-02-24,2000,02,24,77,244,TE,TE,2023
q77eftq63w,q77eftq63w,4683153,28126,skyler-bell,00-0041443,22957,BellSk00,13402,1f9e2e7e-d692-4494-adfb-86437a976450,Q130469392,42747,S.Bell,Skyler,Skyler Bell,"Bell, Skyler","Bell, S",Skyler Bell,,Skyler Bell,Bell,Skyler,,2002-07-05,2002,07,05,71,192,WR,WR,2026
q7efvg8s8m,q7efvg8s8m,4612826,26122,ladd-mcconkey,00-0039915,21139,McCoLa00,11635,473bc7e5-c393-4f21-9e49-3ffc16711238,Q108913590,40908,L.McConkey,Andrew,Ladd McConkey,"McConkey, Ladd","McConkey, L",Andrew McConkey,,Ladd McConkey,McConkey,Ladd,,2001-11-11,2001,11,11,72,185,WR,WR,2024
qdzrc44sj0,qdzrc44sj0,4430968,26355,kimani-vidal,00-0039391,21169,VidaKi00,11647,ed923635-f021-4b76-9dbb-9f1901eeaab9,Q123001109,41052,K.Vidal,Kimani,Kimani Vidal,"Vidal, Kimani","Vidal, K",Kimani Vidal,,Kimani Vidal,Vidal,Kimani,,2001-08-28,2001,08,28,68,215,RB,RB,2024
qe49b32epw,qe49b32epw,3926231,24234,britain-covey,00-0037132,19984,CoveBr00,8414,75774350-ce18-11ec-bebb-4fec1e38b0e5,Q111820833,34378,B.Covey,Britain,Britain Covey,"Covey, Britain","Covey, B",Britain Covey,,Britain Covey,Covey,Britain,,1997-03-18,1997,03,18,68,173,WR,WR,2022
qew2vehdsd,qew2vehdsd,2971573,15756,kaimi-fairbairn,00-0032726,14647,FairKa01,3451,203b60aa-cb94-499c-a4ca-d3c6b94dddc4,Q21705098,29792,K.Fairbairn,John,Ka'imi Fairbairn,"Fairbairn, Ka'imi","Fairbairn, K",John Fairbairn,,Ka'imi Fairbairn,Fairbairn,Ka'imi,,1994-01-29,1994,01,29,72,183,K,SPEC,2016
qfdbw0gyp8,qfdbw0gyp8,3916433,18598,jakobi-meyers,00-0034960,17061,MeyeJa01,5947,73e194d1-a4b7-4de4-b1c2-3c24ef502918,Q66162408,32231,J.Meyers,Jakobi,Jakobi Meyers,"Meyers, Jakobi","Meyers, J",Jakobi Meyers,,Jakobi Meyers,Meyers,Jakobi,,1996-11-09,1996,11,09,74,200,WR,WR,2019
qjv8de7b2h,qjv8de7b2h,4869961,26038,chris-bell,00-0041525,22946,BellCh00,13311,e1d2a5a1-71a9-4053-b475-8e5075cb1860,Q135654188,42716,C.Bell,Christopher,Chris Bell,"Bell, Chris","Bell, C",Christopher Bell,,Chris Bell,Bell,Chris,,2004-06-07,2004,06,07,74,220,WR,WR,2026
qkprh9eh1h,qkprh9eh1h,4912274,26309,sione-vaki,00-0039364,21297,VakiSi00,11729,f5e0334b-b5f1-422f-a437-199c36cc108d,Q123321999,41006,S.Vaki,Sione,Sione Vaki,"Vaki, Sione","Vaki, S",Sione Vaki,,Sione Vaki,Vaki,Sione,,2001-07-30,2001,07,30,71,216,RB,RB,2024
qmh60nj1c8,qmh60nj1c8,4695705,28157,marlin-klein,00-0041472,23026,KleiMa00,13307,bc8c44b4-bda4-43e6-9ed4-6da16263e7f2,Q129169419,42681,M.Klein,Marlin,Marlin Klein,"Klein, Marlin","Klein, M",Marlin Klein,,Marlin Klein,Klein,Marlin,,2002-09-17,2002,09,17,78,250,TE,TE,2026
qne54t8c0d,qne54t8c0d,4698253,27498,lan-larison,00-0040568,22623,LariLa00,12969,e2d48330-251e-11f0-aae1-fdfd5aa92d71,Q134136921,42284,L.Larison,Lan,Lan Larison,"Larison, Lan","Larison, L",Lan Larison,,Lan Larison,Larison,Lan,,2001-10-11,2001,10,11,71,209,RB,RB,2025
qrcebdxfeh,qrcebdxfeh,4569987,24209,jaylen-warren,00-0037228,19833,WarrJa01,8228,7e397190-ca24-11ec-9f1c-b7114d38a85b,Q113517772,34447,J.Warren,Derrell,Jaylen Warren,"Warren, Jaylen","Warren, J",Derrell Warren,,Jaylen Warren,Warren,Jaylen,,1998-11-01,1998,11,01,68,215,RB,RB,2022
qtx2m7zwrd,qtx2m7zwrd,4876995,27896,jaseem-reed,00-0040265,22839,ReedJa05,13179,c2fa3bf0-2cd9-11f0-a86e-fde592bc08fd,Q137294764,42497,J.Reed,Ja'Seem,Ja'Seem Reed,"Reed, Ja'Seem","Reed, J",Ja'Seem Reed,,Ja'Seem Reed,Reed,Ja'Seem,,2003-03-21,2003,03,21,74,195,WR,WR,2025
qyjnx56qbm,qyjnx56qbm,4374045,24182,teagan-quitoriano,00-0037277,19686,QuitTe00,8227,06cb6aff-c81e-4553-95ba-467187f408d4,Q111805021,34126,T.Quitoriano,Teagan,Teagan Quitoriano,"Quitoriano, Teagan","Quitoriano, T",Teagan Quitoriano,,Teagan Quitoriano,Quitoriano,Teagan,,2000-03-15,2000,03,15,78,259,TE,TE,2022
qzhsgm4rvd,qzhsgm4rvd,4360290,25469,brayden-willis,00-0038643,20603,WillBr06,10224,733cc366-53e3-4703-a2fc-2aa860272cf3,Q117706515,40261,B.Willis,Brayden,Brayden Willis,"Willis, Brayden","Willis, B",Brayden Willis,,Brayden Willis,Willis,Brayden,,1999-11-11,1999,11,11,76,240,TE,TE,2023
r3gep5y998,r3gep5y998,4382466,24177,jalen-nailor,00-0037291,19715,NailJa00,8180,3f9e3634-54d7-46a4-bf26-67274500c907,Q111818660,34147,J.Nailor,Jalen,Jalen Nailor,"Nailor, Jalen","Nailor, J",Jalen Nailor,,Jalen Nailor,Nailor,Jalen,,1999-03-02,1999,03,02,71,186,WR,WR,2022
r550lcj7hh,r550lcj7hh,5083754,26398,ryan-flournoy,00-0039410,21355,FlouRy00,11783,ebf6bc25-5e74-4588-86d6-5dadba3f9bcd,Q125613332,41087,R.Flournoy,Ryan,Ryan Flournoy,"Flournoy, Ryan","Flournoy, R",Ryan Flournoy,,Ryan Flournoy,Flournoy,Ryan,,1999-10-27,1999,10,27,73,205,WR,WR,2024
r6xfsjdjfh,r6xfsjdjfh,4567156,22905,treylon-burks,00-0037742,19429,BurkTr00,8135,45763342-0208-46ab-a5d2-6c6e4ff66b66,Q104081173,33973,T.Burks,Treylon,Treylon Burks,"Burks, Treylon","Burks, T",Treylon Burks,,Treylon Burks,Burks,Treylon,,2000-03-23,2000,03,23,74,225,WR,WR,2022
r809xb77lr,r809xb77lr,3052096,16743,johnny-mundt,00-0033246,15555,MundJo00,4314,6414998b-5831-44aa-8bd8-39e42a323c2c,Q43387255,30373,J.Mundt,John,Johnny Mundt,"Mundt, Johnny","Mundt, J",John Mundt,,Johnny Mundt,Mundt,Johnny,,1994-11-23,1994,11,23,76,245,TE,TE,2017
r8z4mr008r,r8z4mr008r,4870795,25420,makai-lemon,00-0040867,22932,LemoMa00,13294,a6a64214-6f1d-4682-9559-287fb4fe7461,Q132125839,42642,M.Lemon,Makai,Makai Lemon,"Lemon, Makai","Lemon, M",Makai Lemon,,Makai Lemon,Lemon,Makai,,2004-06-02,2004,06,02,71,192,WR,WR,2026
rdb3jt9q1h,rdb3jt9q1h,5344782,28428,jack-strand,00-0041194,23226,,13602,42473280-4199-11f1-bc97-b5b387501a1a,Q137924445,42898,J.Strand,Jack,Jack Strand,"Strand, Jack","Strand, J",Jack Strand,,Jack Strand,Strand,Jack,,2004-06-23,2004,06,23,77,240,QB,QB,2026
rfpp3yeptm,rfpp3yeptm,2578570,15642,jacoby-brissett,00-0033119,14802,BrisJa00,3257,ad2258ab-67f0-41c2-bcf3-f3ba145187dc,Q18022139,29325,J.Brissett,Jacoby,Jacoby Brissett,"Brissett, Jacoby","Brissett, J",Jacoby Brissett,,Jacoby Brissett,Brissett,Jacoby,,1992-12-11,1992,12,11,76,235,QB,QB,2016
rgtxr61d5h,rgtxr61d5h,3917792,18232,daniel-jones,00-0035710,17008,JoneDa05,5870,0042266b-cb28-4012-bfd2-06650badad97,Q39075157,31838,D.Jones,Daniel,Daniel Jones,"Jones, Daniel","Jones, D",Daniel Jones,,Daniel Jones,Jones,Daniel,,1997-05-27,1997,05,27,77,230,QB,QB,2019
rgxf4whe4m,rgxf4whe4m,3116407,17234,mason-rudolph,00-0034771,16080,RudoMa00,4972,be4ca0ad-f3d6-4b98-a37f-79d0cbc06390,Q19666923,31046,M.Rudolph,Brett,Mason Rudolph,"Rudolph, Mason","Rudolph, M",Brett Rudolph,,Mason Rudolph,Rudolph,Mason,,1995-07-17,1995,07,17,77,235,QB,QB,2018
rhehkfh858,rhehkfh858,4808830,25976,damien-martinez,00-0040651,22083,MartDa02,12462,487da97d-a1e8-4a1f-9b43-085944ea1a44,Q118220427,42015,D.Martinez,Damien,Damien Martinez,"Martinez, Damien","Martinez, D",Damien Martinez,,Damien Martinez,Martinez,Damien,,2004-01-31,2004,01,31,72,217,RB,RB,2025
rhhh7tzhsh,rhhh7tzhsh,4242557,19372,colby-parkinson,00-0036244,18018,ParkCo02,6865,1ea7affb-e5e7-491a-aaa3-55e200b2eb48,Q72748145,32803,C.Parkinson,Colby,Colby Parkinson,"Parkinson, Colby","Parkinson, C",Colby Parkinson,,Colby Parkinson,Parkinson,Colby,,1999-01-07,1999,01,07,79,265,TE,TE,2020
rl0q5x6pgh,rl0q5x6pgh,4362018,25657,blake-whiteheart,00-0038710,20722,WhitBl01,11201,9a8395a0-e900-11ed-9cad-a989770811a8,Q118095782,40433,B.Whiteheart,Blake,Blake Whiteheart,"Whiteheart, Blake","Whiteheart, B",Blake Whiteheart,,Blake Whiteheart,Whiteheart,Blake,,2000-03-22,2000,03,22,76,250,TE,TE,2023
rljsxgrlwh,rljsxgrlwh,4426385,23152,zach-charbonnet,00-0039165,19469,CharZa00,9753,7d7f1628-85a7-4633-9ffe-d82fc2761b00,Q66857114,40075,Z.Charbonnet,Zachariah,Zach Charbonnet,"Charbonnet, Zach","Charbonnet, Z",Zachariah Charbonnet,,Zach Charbonnet,Charbonnet,Zach,,2001-01-08,2001,01,08,73,220,RB,RB,2023
rmvqkx4hcd,rmvqkx4hcd,4573699,27469,jackson-hawes,00-0040194,22287,HaweJa00,12658,87304bcd-83f1-4e59-b9cb-6474f7e0dc01,Q131363525,41959,J.Hawes,Jackson,Jackson Hawes,"Hawes, Jackson","Hawes, J",Jackson Hawes,,Jackson Hawes,Hawes,Jackson,,2000-12-06,2000,12,06,76,253,TE,TE,2025
rns539tb70,rns539tb70,4597703,26022,tory-horton,00-0040648,21171,HortTo00,12497,66dd47a3-fb5d-434f-a580-b2069e2904f8,Q121432755,41952,T.Horton,Tory,Tory Horton,"Horton, Tory","Horton, T",Tory Horton,,Tory Horton,Horton,Tory,,2002-11-29,2002,11,29,74,196,WR,WR,2025
rqcvzh906w,rqcvzh906w,4710341,24335,jarquez-hunter,00-0040692,22124,HuntJa03,11569,e71d4c32-3233-467f-ab01-71de34e5d9b4,Q113825612,41919,J.Hunter,Jarquez,Jarquez Hunter,"Hunter, Jarquez","Hunter, J",Jarquez Hunter,,Jarquez Hunter,Hunter,Jarquez,,2002-12-29,2002,12,29,70,211,RB,RB,2025
rrke4p6cd8,rrke4p6cd8,4248557,25756,ej-jenkins,00-0038498,20863,JenkEJ00,11304,626a1dd0-ebab-11ed-bb4c-e536974648f2,Q130442904,40550,E.Jenkins,E.J.,E.J. Jenkins,"Jenkins, E.J.","Jenkins, E",E.J. Jenkins,,E.J. Jenkins,Jenkins,E.J.,,1998-11-03,1998,11,03,78,245,TE,TE,2023
rsvhgqmv4d,rsvhgqmv4d,4426388,23677,jameson-williams,00-0037240,19435,WillJa11,8148,590adb00-5598-47ad-b6d4-16a6c5519847,Q108405509,33967,J.Williams,Jameson,Jameson Williams,"Williams, Jameson","Williams, J",Jameson Williams,,Jameson Williams,Williams,Jameson,,2001-03-26,2001,03,26,73,184,WR,WR,2022
rvd83bc5xd,rvd83bc5xd,4603186,27224,jack-bech,00-0040729,22112,BechJa00,12483,01079767-a3a3-437d-b935-ea0ecb1fe68b,Q130332382,41843,J.Bech,Jack,Jack Bech,"Bech, Jack","Bech, J",Jack Bech,,Jack Bech,Bech,Jack,,2002-12-18,2002,12,18,73,214,WR,WR,2025
rwmb9yftqm,rwmb9yftqm,2973405,16081,kalif-raymond,00-0032464,14572,RaymKa00,3634,e0a31d02-9d1c-4dab-adb4-a5d9bbee8b36,Q27949789,29631,K.Raymond,Kalif,Kalif Raymond,"Raymond, Kalif","Raymond, K",Kalif Raymond,,Kalif Raymond,Raymond,Kalif,,1994-08-08,1994,08,08,69,180,WR,WR,2016
rwqm3lmb80,rwqm3lmb80,4874509,27097,dj-giddens,00-0040179,22096,GiddDJ00,12471,73ffa6e6-7fb3-4f34-a856-38bfd62cca15,Q122808665,41937,D.Giddens,DJ,DJ Giddens,"Giddens, DJ","Giddens, D",DJ Giddens,,DJ Giddens,Giddens,DJ,,2003-08-26,2003,08,26,73,212,RB,RB,2025
ry4qeqnxyw,ry4qeqnxyw,3125107,18748,andrew-beck,00-0034959,17486,BeckAn01,6323,b556a98d-16aa-4a0d-9134-1b59c46cc640,Q67224998,32225,A.Beck,Andrew,Andrew Beck,"Beck, Andrew","Beck, A",Andrew Beck,,Andrew Beck,Beck,Andrew,,1996-05-15,1996,05,15,75,255,FB,RB,2019
rycrwehx5m,rycrwehx5m,2473037,14003,jason-myers,00-0031492,13518,MyerJa00,2747,7af4c94b-529b-4403-ab66-2bfed3fcf0c7,Q21066626,28378,J.Myers,Jason,Jason Myers,"Myers, Jason","Myers, J",Jason Myers,,Jason Myers,Myers,Jason,,1991-05-12,1991,05,12,70,190,K,SPEC,2015
s1y34xqkew,s1y34xqkew,4432260,28168,matthew-hibner,00-0040879,23074,HibnMa00,13324,8f18100f-d967-4cac-b1b7-7af70c4d985a,Q137917364,42755,M.Hibner,Matthew,Matthew Hibner,"Hibner, Matthew","Hibner, M",Matthew Hibner,,Matthew Hibner,Hibner,Matthew,,2002-03-09,2002,03,09,76,251,TE,TE,2026
s6tnff4w4h,s6tnff4w4h,4565297,27718,dontae-fleming,00-0040498,22601,FlemDo00,12946,d3f1c620-250f-11f0-860d-4396a96b1cd5,Q136325019,42255,D.Fleming,Dontae,Dontae Fleming,"Fleming, Dontae","Fleming, D",Dontae Fleming,,Dontae Fleming,Fleming,Dontae,,2001-11-28,2001,11,28,74,180,WR,WR,2025
s7wsz1tl0w,s7wsz1tl0w,4426496,25269,cade-stover,00-0039359,21152,StovCa00,11599,559d5222-0403-4a14-94c7-c7bd5072c939,Q114237471,40987,C.Stover,Cade,Cade Stover,"Stover, Cade","Stover, C",Cade Stover,,Cade Stover,Stover,Cade,,2000-06-12,2000,06,12,76,251,TE,TE,2024
s7zcp6g4h4,s7zcp6g4h4,3123076,16399,david-njoku,00-0033885,15227,NjokDa00,4033,8f86fcea-90e8-49ea-bc78-5c7659313e57,Q28078307,30142,D.Njoku,Chief,David Njoku,"Njoku, David","Njoku, D",Chief Njoku,,David Njoku,Njoku,David,,1996-07-10,1996,07,10,76,246,TE,TE,2017
s8em12zlcd,s8em12zlcd,14012,9907,andy-dalton,00-0027973,9994,DaltAn00,829,d2a0e5af-3850-4f16-8e40-a0b1d15c2ce1,Q129605,24822,A.Dalton,Andrew,Andy Dalton,"Dalton, Andy","Dalton, A",Andrew Dalton,,Andy Dalton,Dalton,Andy,,1987-10-29,1987,10,29,74,220,QB,QB,2011
s9h217dk5h,s9h217dk5h,4427985,26354,bub-means,00-0039386,21414,MeanBu00,11748,ef0feb13-57b8-474c-a723-cf03f57a321a,Q123482404,41045,B.Means,Jerrod,Bub Means,"Means, Bub","Means, B",Jerrod Means,,Bub Means,Means,Bub,,2001-01-10,2001,01,10,74,215,WR,WR,2024
sbqfrdkq14,sbqfrdkq14,3124679,17533,jason-sanders,00-0034794,16334,SandJa00,5119,5ffb654f-0de5-424b-aa2f-ad511deb5b51,Q52424104,31199,J.Sanders,Jason,Jason Sanders,"Sanders, Jason","Sanders, J",Jason Sanders,,Jason Sanders,Sanders,Jason,,1995-11-16,1995,11,16,71,195,K,SPEC,2018
se099pd9ch,se099pd9ch,3120348,16427,juju-smith-schuster,00-0033857,15305,SmitJu00,4040,9547fbb1-0d4f-4d9e-83b9-e2fa30463bb9,Q18706057,30175,J.Smith-Schuster,John,JuJu Smith-Schuster,"Smith-Schuster, JuJu","Smith-Schuster, J",John Smith-Schuster,,JuJu Smith-Schuster,Smith-Schuster,JuJu,,1996-11-22,1996,11,22,73,215,WR,WR,2017
sghw3m1z38,sghw3m1z38,4682745,25987,jaylen-wright,00-0039874,21160,WrigJa04,11643,ba9e1390-028b-47c9-8710-84cee3fa25de,Q123116440,41010,J.Wright,Jaylen,Jaylen Wright,"Wright, Jaylen","Wright, J",Jaylen Wright,,Jaylen Wright,Wright,Jaylen,,2003-04-01,2003,04,01,70,208,RB,RB,2024
sh5p9yy67h,sh5p9yy67h,4039160,22841,kylen-granson,00-0036876,18982,GranKy00,7602,bcc0167c-05fd-4b23-981e-60b8784ceb33,Q106590121,33515,K.Granson,Kylen,Kylen Granson,"Granson, Kylen","Granson, K",Kylen Granson,,Kylen Granson,Granson,Kylen,,1998-03-27,1998,03,27,75,242,TE,TE,2021
srenpf3qwh,srenpf3qwh,4240631,19521,deejay-dallas,00-0036425,18005,DallDe00,6931,48ef5bfa-7b91-4ed1-ad12-e94c0bc101c2,Q87893202,32814,D.Dallas,DeeJay,DeeJay Dallas,"Dallas, DeeJay","Dallas, D",DeeJay Dallas,,DeeJay Dallas,Dallas,DeeJay,,1998-09-16,1998,09,16,70,225,RB,RB,2020
ssj65qvedr,ssj65qvedr,4259619,25533,blake-grupe,00-0038905,20629,GrupBl00,11058,2a1d4ce0-e6f6-11ed-abca-c7a3a205e21d,Q122038689,40296,B.Grupe,Blake,Blake Grupe,"Grupe, Blake","Grupe, B",Blake Grupe,,Blake Grupe,Grupe,Blake,,1998-11-05,1998,11,05,67,156,K,SPEC,2023
st4dysvvpm,st4dysvvpm,4870612,25419,zachariah-branch,00-0041044,22951,BranZa00,13320,41f192cd-cc4a-44bc-9c21-43a19ecfc86c,Q121572487,42701,Z.Branch,Zachariah,Zachariah Branch,"Branch, Zachariah","Branch, Z",Zachariah Branch,,Zachariah Branch,Branch,Zachariah,,2004-03-29,2004,03,29,70,180,WR,WR,2026
sv5s61hsf8,sv5s61hsf8,4363551,25912,dylan-drummond,00-0038953,21045,DrumDy00,11474,e34c6990-f35c-11ed-ac5f-715e78829103,Q121444080,40737,D.Drummond,Dylan,Dylan Drummond,"Drummond, Dylan","Drummond, D",Dylan Drummond,,Dylan Drummond,Drummond,Dylan,,2000-01-17,2000,01,17,72,190,WR,WR,2023
sv9cmfgphd,sv9cmfgphd,4372758,23049,kevin-austin,00-0037231,19891,AustKe00,8200,3173c5c0-cbb6-11ec-88c8-199e5defa0d2,Q111594870,34242,K.Austin,Kevin,Kevin Austin,"Austin, Kevin","Austin, K",Kevin Austin Jr.,Jr.,Kevin Austin Jr.,Austin,Kevin,,2000-03-30,2000,03,30,74,200,WR,WR,2022
svcctyhwx8,svcctyhwx8,4241464,20156,mac-jones,00-0036972,18800,JoneMa05,7527,1fd00ec3-b758-46d2-a2c1-cca521ea8a54,Q64009136,33403,M.Jones,Michael,Mac Jones,"Jones, Mac","Jones, M",Michael Jones,,Mac Jones,Jones,Mac,,1998-09-05,1998,09,05,75,220,QB,QB,2021
svjtece4kw,svjtece4kw,4685720,22900,bryce-young,00-0039150,20281,YounBr01,9228,38475bfa-9773-4c3b-9157-a0dbd576fa22,Q79416176,40029,B.Young,Bryce,Bryce Young,"Young, Bryce","Young, B",Bryce Young,,Bryce Young,Young,Bryce,,2001-07-25,2001,07,25,70,192,QB,QB,2023
swj9z3p6yh,swj9z3p6yh,4037235,18585,greg-dortch,00-0035500,17057,DortGr01,5970,4484c7d1-025a-4f26-8e9b-48503afb0c68,Q60215524,32523,G.Dortch,Greg,Greg Dortch,"Dortch, Greg","Dortch, G",Greg Dortch,,Greg Dortch,Dortch,Greg,,1998-05-29,1998,05,29,67,180,WR,WR,2019
t0g1wwfvpd,t0g1wwfvpd,4360238,22947,dameon-pierce,00-0037258,19447,PierDa01,8129,5d4ef6da-a6b5-4d9c-adc0-28dfdbe9315e,Q110826056,34063,D.Pierce,Dameon,Dameon Pierce,"Pierce, Dameon","Pierce, D",Dameon Pierce,,Dameon Pierce,Pierce,Dameon,,2000-02-19,2000,02,19,70,215,RB,RB,2022
t1e28kz6td,t1e28kz6td,4832955,28107,emmett-johnson,00-0041013,22939,JohnEm01,13337,ec3e0874-c2bc-49f6-b4b1-dfc874eecb9b,Q136198724,42796,E.Johnson,Emmett,Emmett Johnson,"Johnson, Emmett","Johnson, E",Emmett Johnson,,Emmett Johnson,Johnson,Emmett,,2003-10-10,2003,10,10,70,202,RB,RB,2026
t22f7ws14d,t22f7ws14d,4567096,22895,john-metchie,00-0037614,19454,MetcJo00,8147,2995df34-ee81-4320-be1e-1c497b83c927,Q100452961,33999,J.Metchie,John,John Metchie,"Metchie, John","Metchie, J",John Metchie III,III,John Metchie III,Metchie,John,,2000-07-18,2000,07,18,72,204,WR,WR,2022
t740lekm0m,t740lekm0m,4685278,27016,luther-burden-iii,00-0040735,22060,BurdLu00,12519,a4c21977-c9d1-40f8-abee-0862dfab9195,Q113458673,41824,L.Burden,Luther,Luther Burden,"Burden, Luther","Burden, L",Luther Burden III,III,Luther Burden III,Burden,Luther,,2003-12-12,2003,12,12,72,210,WR,WR,2025
te3l6q9r60,te3l6q9r60,4602667,27454,jaylin-lane,00-0040164,22272,LaneJa00,12641,2ec24c7a-8d5d-453a-b45d-03eb27c645d0,Q132859079,41920,J.Lane,Joshua,Jaylin Lane,"Lane, Jaylin","Lane, J",Joshua Lane,,Jaylin Lane,Lane,Jaylin,,2002-05-01,2002,05,01,70,196,WR,WR,2025
tgm7g4qv20,tgm7g4qv20,4432775,27288,donte-thornton-jr,00-0040581,22126,ThorDo00,12541,483606b2-c0c9-4da2-8fcf-73d2615756c7,Q131226627,41892,D.Thornton,Dont'e,Dont'e Thornton,"Thornton, Dont'e","Thornton, D",Dont'e Thornton Jr.,Jr.,Dont'e Thornton Jr.,Thornton,Dont'e,,2002-11-30,2002,11,30,77,205,WR,WR,2025
tgv5kkcg3h,tgv5kkcg3h,2977187,16433,cooper-kupp,00-0033908,15283,KuppCo00,4039,2806e915-c46f-492f-8a29-71d3a85e5620,Q16235552,30182,C.Kupp,Cooper,Cooper Kupp,"Kupp, Cooper","Kupp, C",Cooper Kupp,,Cooper Kupp,Kupp,Cooper,,1993-06-15,1993,06,15,74,207,WR,WR,2017
th3l6fevcr,th3l6fevcr,5081338,28435,kaden-wetjen,00-0041397,23106,WetjKa00,13491,8c064b55-5583-4ffb-8a10-0146c01e8ce0,Q131725558,42743,K.Wetjen,Kaden,Kaden Wetjen,"Wetjen, Kaden","Wetjen, K",Kaden Wetjen,,Kaden Wetjen,Wetjen,Kaden,,2002-03-09,2002,03,09,69,193,WR,WR,2026
thf0ell5bh,thf0ell5bh,3915411,18406,ty-johnson,00-0035537,17046,JohnTy02,6039,96e6687b-2b89-4dd9-98df-6e7507cd82cf,Q63430765,32018,T.Johnson,Ty,Ty Johnson,"Johnson, Ty","Johnson, T",Ty Johnson,,Ty Johnson,Johnson,Ty,,1997-09-17,1997,09,17,70,210,RB,RB,2019
thh7s4qvcr,thh7s4qvcr,4426515,23180,puka-nacua,00-0039075,20336,NacuPu00,9493,111be44d-7bc2-4cad-934d-c9e946293b2f,Q115492436,40168,P.Nacua,Puka,Puka Nacua,"Nacua, Puka","Nacua, P",Puka Nacua,,Puka Nacua,Nacua,Puka,,2001-05-29,2001,05,29,74,216,WR,WR,2023
tpp7yzc0vw,tpp7yzc0vw,4431487,27144,savion-williams,00-0040009,22073,WillSa01,12482,06fb642c-b10b-4b23-966a-13668a7c4426,Q130753966,41851,S.Williams,Savion,Savion Williams,"Williams, Savion","Williams, S",Savion Williams,,Savion Williams,Williams,Savion,,2001-11-22,2001,11,22,76,222,WR,WR,2025
tr2ll1gt0m,tr2ll1gt0m,4430027,22978,sam-laporta,00-0039065,20339,LaPoSa01,10859,3059f1e5-1871-4458-9e90-9b9917874c61,Q108830207,40064,S.LaPorta,Sam,Sam LaPorta,"LaPorta, Sam","LaPorta, S",Sam LaPorta,,Sam LaPorta,LaPorta,Sam,,2001-01-12,2001,01,12,75,245,TE,TE,2023
twl38v7ghw,twl38v7ghw,4241410,23829,jelani-woods,00-0037755,19484,WoodJe01,8219,321af8f8-b4de-4ed2-a86f-7f97a85a13d4,Q109908410,34029,J.Woods,Jelani,Jelani Woods,"Woods, Jelani","Woods, J",Jelani Woods,,Jelani Woods,Woods,Jelani,,1998-10-09,1998,10,09,79,253,TE,TE,2022
tyxt6dshrr,tyxt6dshrr,14880,11177,kirk-cousins,00-0029604,10974,CousKi00,1166,bbd0942c-6f77-4f83-a6d0-66ec6548019e,Q431248,25812,K.Cousins,Kirk,Kirk Cousins,"Cousins, Kirk","Cousins, K",Kirk Cousins,,Kirk Cousins,Cousins,Kirk,,1988-08-19,1988,08,19,75,214,QB,QB,2012
tz06rc0kmw,tz06rc0kmw,4685540,28399,carsen-ryan,00-0041131,23137,RyanCa00,13580,9d8c7f71-3c7e-4459-bbcc-2c7c0f984b78,Q137177974,42870,C.Ryan,Carsen,Carsen Ryan,"Ryan, Carsen","Ryan, C",Carsen Ryan,,Carsen Ryan,Ryan,Carsen,,2003-08-21,2003,08,21,75,255,TE,TE,2026
v0bhkle20w,v0bhkle20w,3134353,16556,tim-patrick,00-0033375,15467,PatrTi00,4351,2a443351-5e63-4a49-819e-912b51a745f2,Q29642024,30511,T.Patrick,Timothy,Tim Patrick,"Patrick, Tim","Patrick, T",Timothy Patrick,,Tim Patrick,Patrick,Tim,,1993-11-23,1993,11,23,77,210,WR,WR,2017
v2kj0h5w6d,v2kj0h5w6d,4432631,28115,noah-whittington,00-0041312,23541,WhitNo00,13437,e656bff0-4322-11f1-a39d-09ec94a91f1f,Q136051141,43197,N.Whittington,Noah,Noah Whittington,"Whittington, Noah","Whittington, N",Noah Whittington,,Noah Whittington,Whittington,Noah,,2001-12-13,2001,12,13,68,203,RB,RB,2026
v6h6wl45y8,v6h6wl45y8,4427095,25304,demario-douglas,00-0038621,20341,DougDe00,9501,962496d4-9ffa-471b-8dd2-fc5e60fee84b,Q117803523,40222,D.Douglas,DeMario,DeMario Douglas,"Douglas, DeMario","Douglas, D",DeMario Douglas,,DeMario Douglas,Douglas,DeMario,,2000-12-08,2000,12,08,68,185,WR,WR,2023
vdedn42f68,vdedn42f68,4360310,19780,trevor-lawrence,00-0036971,18779,LawrTr00,7523,aaa8b42c-4d87-45f6-bfd2-e31cfed9a736,Q42225228,33389,T.Lawrence,William,Trevor Lawrence,"Lawrence, Trevor","Lawrence, T",William Lawrence,,Trevor Lawrence,Lawrence,Trevor,,1999-10-06,1999,10,06,78,220,QB,QB,2021
ve4eexr2sw,ve4eexr2sw,3121023,17270,dallas-goedert,00-0034351,16151,GoedDa00,5022,e8029983-87cf-49a2-bc04-04c8233a0630,Q47454127,31019,D.Goedert,Dallas,Dallas Goedert,"Goedert, Dallas","Goedert, D",Dallas Goedert,,Dallas Goedert,Goedert,Dallas,,1995-01-03,1995,01,03,77,256,TE,TE,2018
vet2nbntn8,vet2nbntn8,5083315,26055,kenyon-sadiq,00-0041032,22935,SadiKe00,13330,554e5567-f992-4071-8366-5fa5c316b07c,Q131831414,42638,K.Sadiq,Kenyon,Kenyon Sadiq,"Sadiq, Kenyon","Sadiq, K",Kenyon Sadiq,,Kenyon Sadiq,Sadiq,Kenyon,,2005-03-04,2005,03,04,75,241,TE,TE,2026
vj89czy6p4,vj89czy6p4,4362887,19781,justin-fields,00-0036945,18783,FielJu00,7591,cf15be8f-9117-4531-a517-2b9c7cb3e9e1,Q52715014,33399,J.Fields,Justin,Justin Fields,"Fields, Justin","Fields, J",Justin Fields,,Justin Fields,Fields,Justin,,1999-03-05,1999,03,05,75,227,QB,QB,2021
vkdx68pxm0,vkdx68pxm0,4432773,23000,brian-thomas-jr,00-0039893,21131,ThomBr06,11631,271a233e-68b3-4261-a3aa-7667eaf9d3cc,Q122376129,40883,B.Thomas,Brian,Brian Thomas,"Thomas, Brian","Thomas, B",Brian Thomas Jr.,Jr.,Brian Thomas Jr.,Thomas,Brian,,2002-10-08,2002,10,08,74,209,WR,WR,2024
vm2xmsbthh,vm2xmsbthh,4362249,23020,jayden-reed,00-0039146,20311,ReedJa03,10222,23a306bc-5f77-4574-a575-bd599f243185,Q108913584,40063,J.Reed,Jayden,Jayden Reed,"Reed, Jayden","Reed, J",Jayden Reed,,Jayden Reed,Reed,Jayden,,2000-04-28,2000,04,28,71,187,WR,WR,2023
vmnzk3py74,vmnzk3py74,4429105,22965,arian-smith,00-0040582,22081,SmitAr01,12539,8c7c7f4c-f8cc-4e02-aa0f-f794a1afd6ae,Q130287252,41896,A.Smith,Arian,Arian Smith,"Smith, Arian","Smith, A",Arian Smith,,Arian Smith,Smith,Arian,,2001-10-11,2001,10,11,72,179,WR,WR,2025
vmpvt35y8h,vmpvt35y8h,4569547,27867,nick-kallerup,00-0040058,22810,KallNi00,13151,b312a490-2791-11f0-b675-0178dd6a62e2,Q135987692,42465,N.Kallerup,Nick,Nick Kallerup,"Kallerup, Nick","Kallerup, N",Nick Kallerup,,Nick Kallerup,Kallerup,Nick,,2001-03-27,2001,03,27,77,266,TE,TE,2025
vnxrv9qr5w,vnxrv9qr5w,4034948,20081,feleipe-franks,00-0036825,19010,FranFe00,7531,79a849be-0552-4da9-89ff-11d20a7a764a,Q38204090,33729,F.Franks,Feleipe,Feleipe Franks,"Franks, Feleipe","Franks, F",Feleipe Franks,,Feleipe Franks,Franks,Feleipe,,1997-12-22,1997,12,22,78,252,TE,TE,2021
vr68v78y64,vr68v78y64,4429939,26329,jawhar-jordan,00-0039405,21163,JordJa00,11588,d3ddb80f-6f08-4594-be42-4c2f0716f4ef,Q122976631,41064,J.Jordan,Jawhar,Jawhar Jordan,"Jordan, Jawhar","Jordan, J",Jawhar Jordan,,Jawhar Jordan,Jordan,Jawhar,,1999-08-18,1999,08,18,70,186,RB,RB,2024
vt838jcct4,vt838jcct4,3042519,16673,aaron-jones,00-0033293,15392,JoneAa00,4199,27dd5b6e-ea65-4622-a6b4-460fd144407c,Q30122536,30295,A.Jones,Aaron,Aaron Jones,"Jones, Aaron","Jones, A",Aaron Jones,Sr.,Aaron Jones,Jones,Aaron,,1994-12-02,1994,12,02,69,208,RB,RB,2017
vwdmpj2d58,vwdmpj2d58,4883647,27059,elic-ayomanor,00-0040170,22091,AyomEl00,12499,6c773a16-1a93-4845-a519-d56c85e0090f,Q123046216,41904,E.Ayomanor,Elic,Elic Ayomanor,"Ayomanor, Elic","Ayomanor, E",Elic Ayomanor,,Elic Ayomanor,Ayomanor,Elic,,2003-06-03,2003,06,03,74,206,WR,WR,2025
vxhd4knl94,vxhd4knl94,4360739,23196,simi-fehoko,00-0036646,18812,FehoSi00,7812,3860693c-99a2-4484-99db-1d43e3ff7fd4,Q105107028,33567,S.Fehoko,Simione,Simi Fehoko,"Fehoko, Simi","Fehoko, S",Simione Fehoko,,Simi Fehoko,Fehoko,Simi,,1997-11-05,1997,11,05,76,225,WR,WR,2021
vz5xlv01l8,vz5xlv01l8,3929645,19562,juwan-johnson,00-0036040,18582,JohnJu02,7002,0226b03b-f91d-4223-9813-9fcd2e9c3acc,Q100871143,33113,J.Johnson,Juwan,Juwan Johnson,"Johnson, Juwan","Johnson, J",Juwan Johnson,,Juwan Johnson,Johnson,Juwan,,1996-09-13,1996,09,13,76,231,TE,TE,2020
w19czrhvy4,w19czrhvy4,4431280,23092,troy-franklin,00-0039868,21127,FranTr00,11627,765dffd8-8112-4078-86a1-924ccebf1069,Q115907697,41009,T.Franklin,Troy,Troy Franklin,"Franklin, Troy","Franklin, T",Troy Franklin,,Troy Franklin,Franklin,Troy,,2003-02-06,2003,02,06,75,187,WR,WR,2024
w19r6pmp4r,w19r6pmp4r,4833029,27993,max-klare,00-0041510,22958,KlarMa00,13278,680fc10a-4de2-4571-b228-2c2fd79d437f,Q130543670,42683,M.Klare,Max,Max Klare,"Klare, Max","Klare, M",Max Klare,,Max Klare,Klare,Max,,2003-07-08,2003,07,08,77,243,TE,TE,2026
w38fvtyvhr,w38fvtyvhr,3925357,17258,calvin-ridley,00-0034837,16065,RidlCa00,4981,926e2674-52d6-4cec-9991-46ee85cc8cfd,Q21622530,30996,C.Ridley,Calvin,Calvin Ridley,"Ridley, Calvin","Ridley, C",Calvin Ridley,,Calvin Ridley,Ridley,Calvin,,1994-12-20,1994,12,20,73,190,WR,WR,2018
w4hbw6wjzw,w4hbw6wjzw,4570561,23075,eric-gray,00-0038396,19448,GrayEr01,10223,dcc536c1-36f2-4e34-8028-ccf32d930018,Q105320431,40198,E.Gray,Eric,Eric Gray,"Gray, Eric","Gray, E",Eric Gray,,Eric Gray,Gray,Eric,,1999-11-04,1999,11,04,70,210,RB,RB,2023
w61vy5ejn0,w61vy5ejn0,5093923,26400,andrew-armstrong,00-0040298,22510,ArmsAn01,12863,8e353ae0-2442-11f0-b1aa-45a8da233bc0,Q131318963,42162,A.Armstrong,Andrew,Andrew Armstrong,"Armstrong, Andrew","Armstrong, A",Andrew Armstrong,,Andrew Armstrong,Armstrong,Andrew,,2000-10-31,2000,10,31,76,210,WR,WR,2025
w845cb4n68,w845cb4n68,3911853,19423,adam-trautman,00-0036422,18032,TrauAd00,6869,4e14183b-f974-4745-9d7f-8f5eb2a92a7d,Q84056510,32775,A.Trautman,Adam,Adam Trautman,"Trautman, Adam","Trautman, A",Adam Trautman,,Adam Trautman,Trautman,Adam,,1997-02-05,1997,02,05,77,253,TE,TE,2020
w8dpj413d8,w8dpj413d8,4428331,23113,rashee-rice,00-0039067,20287,RiceRa01,10229,cbd73c09-da07-48b0-a0d6-f248dfa631b6,Q113813355,40084,R.Rice,Rashee,Rashee Rice,"Rice, Rashee","Rice, R",Rashee Rice,,Rashee Rice,Rice,Rashee,,2000-04-22,2000,04,22,73,203,WR,WR,2023
w9xvymcw5m,w9xvymcw5m,4401805,24570,dareke-young,00-0037093,19735,YounDa02,8527,2da144c9-7845-4199-bcc1-48405c14d436,Q111792411,34189,D.Young,Dareke,Dareke Young,"Young, Dareke","Young, D",Dareke Young,,Dareke Young,Young,Dareke,,1999-06-04,1999,06,04,74,224,WR,WR,2022
wbljz9ddc4,wbljz9ddc4,4360637,26423,jeshaun-jones,00-0039710,21513,JoneJe01,11911,b8f13e80-0582-11ef-b5de-0dfe790b3555,Q124125056,41205,J.Jones,Jeshaun,Jeshaun Jones,"Jones, Jeshaun","Jones, J",Jeshaun Jones,,Jeshaun Jones,Jones,Jeshaun,,1999-12-22,1999,12,22,73,188,WR,WR,2024
wbxxcs6f34,wbxxcs6f34,3116389,16423,samaje-perine,00-0033526,15362,PeriSa00,4147,e601812f-ce24-4e99-bee0-e33c1e9014e4,Q18572038,30227,S.Perine,Samaje,Samaje Perine,"Perine, Samaje","Perine, S",Samaje Perine,,Samaje Perine,Perine,Samaje,,1995-09-16,1995,09,16,70,240,RB,RB,2017
weeyz1zb6r,weeyz1zb6r,4429275,25388,trey-benson,00-0039921,21135,BensTr01,11589,0c1253f2-1822-445d-8590-fea6fd32703f,Q115222279,40958,T.Benson,Trey,Trey Benson,"Benson, Trey","Benson, T",Trey Benson,,Trey Benson,Benson,Trey,,2002-07-23,2002,07,23,72,225,RB,RB,2024
whh1ejzp1h,whh1ejzp1h,4212909,16757,david-moore,00-0033589,15434,MoorDa03,4274,aecc1809-4628-4c3a-8b2b-c8f2858d2492,Q30122569,30339,D.Moore,David,David Moore,"Moore, David","Moore, D",David Moore,,David Moore,Moore,David,,1995-01-15,1995,01,15,72,220,WR,WR,2017
wkqtxbdqgd,wkqtxbdqgd,4361409,23101,jahan-dotson,00-0037741,19452,DotsJa00,8119,d4a7917d-f327-431b-9b87-83af341c3e21,Q102227408,33971,J.Dotson,Jahan,Jahan Dotson,"Dotson, Jahan","Dotson, J",Jahan Dotson,,Jahan Dotson,Dotson,Jahan,,2000-03-22,2000,03,22,71,184,WR,WR,2022
wp36qe6rpw,wp36qe6rpw,4239996,19231,travis-etienne,00-0036973,18770,EtieTr00,7543,970693f0-0af4-4627-ac0c-bf519f7433ee,Q56651173,33413,T.Etienne,Travis,Travis Etienne,"Etienne, Travis","Etienne, T",Travis Etienne,Jr.,Travis Etienne,Etienne,Travis,,1999-01-26,1999,01,26,70,215,RB,RB,2021
wp4qwjzfrh,wp4qwjzfrh,4430834,23179,jalen-mcmillan,00-0039855,21153,McMiJa01,11618,c2b25795-8c63-425a-8790-f6d626dbf0d3,Q113843993,40954,J.McMillan,Jalen,Jalen McMillan,"McMillan, Jalen","McMillan, J",Jalen McMillan,,Jalen McMillan,McMillan,Jalen,,2001-12-07,2001,12,07,73,192,WR,WR,2024
wshy1g3sjr,wshy1g3sjr,4870808,25403,jeremiyah-love,00-0041027,22930,LoveJe00,13287,ca61f1e4-5a51-45b8-b8e3-f6564d9c2648,Q129281609,42625,J.Love,Jeremiyah,Jeremiyah Love,"Love, Jeremiyah","Love, J",Jeremiyah Love,,Jeremiyah Love,Love,Jeremiyah,,2005-05-31,2005,05,31,72,214,RB,RB,2026
wtcgz4q4wd,wtcgz4q4wd,4686248,28427,nate-boerkircher,00-0041503,23031,BoerNa00,13299,69aa9430-b9b0-4cd9-8dd5-3a81963336de,Q137384579,42678,N.Boerkircher,Nate,Nate Boerkircher,"Boerkircher, Nate","Boerkircher, N",Nate Boerkircher,,Nate Boerkircher,Boerkircher,Nate,,2001-09-04,2001,09,04,77,250,TE,TE,2026
wvlngg0bgh,wvlngg0bgh,4427728,24901,zonovan-bam-knight,00-0037157,19451,KnigZo00,8122,53df5e30-d3bd-11ec-96a0-c3471a31202c,Q108757923,34357,B.Knight,Zonovan,Bam Knight,"Knight, Bam","Knight, B",Zonovan Knight,,Bam Knight,Knight,Bam,,2001-04-11,2001,04,11,71,209,RB,RB,2022
wzvfp339x4,wzvfp339x4,4576297,26335,aj-barner,00-0039793,21315,BarnAJ00,11603,e96127b4-d381-43d4-b0ae-8790c706756f,Q122159008,41001,A.Barner,AJ,AJ Barner,"Barner, AJ","Barner, A",AJ Barner,,AJ Barner,Barner,AJ,,2002-05-03,2002,05,03,78,251,TE,TE,2024
x1tpmcrwsw,x1tpmcrwsw,4686658,28108,mike-washington-jr,00-0040878,22955,WashMi00,13305,b783f45a-16ea-4145-9f3a-fafaa1bb0058,Q137042890,42744,M.Washington,Michael,Mike Washington,"Washington, Mike","Washington, M",Michael Washington Jr.,Jr.,Mike Washington Jr.,Washington,Mike,,2003-07-03,2003,07,03,73,223,RB,RB,2026
x6fqsydeld,x6fqsydeld,4879194,28137,josh-cameron,00-0041100,23159,CameJo01,13394,29f6ab49-33a9-4fc8-838f-fc41e248829d,Q134348206,42813,J.Cameron,Josh,Josh Cameron,"Cameron, Josh","Cameron, J",Josh Cameron,,Josh Cameron,Cameron,Josh,,2003-03-18,2003,03,18,73,224,WR,WR,2026
x6k43mf830,x6k43mf830,3117256,17349,dalton-schultz,00-0034383,16255,SchuDa00,5001,8caec1b4-e0b6-4a84-b8c8-617d6e91ef6a,Q47379760,31107,D.Schultz,Dalton,Dalton Schultz,"Schultz, Dalton","Schultz, D",Dalton Schultz,,Dalton Schultz,Schultz,Dalton,,1996-07-11,1996,07,11,77,242,TE,TE,2018
x6v43m6kp0,x6v43m6kp0,4249836,24173,pierre-strong-jr,00-0038098,19479,StroPi00,8116,8a9a3c7f-57a1-4064-9bda-2c7fad7b5c01,Q109182340,34083,P.Strong,Pierre,Pierre Strong,"Strong, Pierre","Strong, P",Pierre Strong,Jr.,Pierre Strong,Strong,Pierre,,1998-12-10,1998,12,10,71,207,RB,RB,2022
x7lgyys1cr,x7lgyys1cr,4239993,19211,tee-higgins,00-0036410,17971,HiggTe00,6801,7963b029-5de4-4541-b00a-44eefe4349af,Q59209497,32703,T.Higgins,Tamurice,Tee Higgins,"Higgins, Tee","Higgins, T",Tamurice Higgins,,Tee Higgins,Higgins,Tee,,1999-01-18,1999,01,18,76,219,WR,WR,2020
x8nj1v2ftw,x8nj1v2ftw,4683062,23019,xavier-worthy,00-0039894,21128,WortXa00,11624,52e049b1-0a7a-4e7f-9866-d2848e9cc478,Q108854318,40877,X.Worthy,Xavier,Xavier Worthy,"Worthy, Xavier","Worthy, X",Xavier Worthy,,Xavier Worthy,Worthy,Xavier,,2003-04-27,2003,04,27,71,165,WR,WR,2024
x90w8hx7j4,x90w8hx7j4,4693370,28437,riley-nowakowski,00-0041398,23207,NowaRi00,13433,d85be8f9-009d-4de5-838d-1cb07e4105cc,Q136850221,42803,R.Nowakowski,Riley,Riley Nowakowski,"Nowakowski, Riley","Nowakowski, R",Riley Nowakowski,,Riley Nowakowski,Nowakowski,Riley,,2002-06-30,2002,06,30,74,250,FB,RB,2026
x9yhflcxk8,x9yhflcxk8,4599739,24360,kendre-miller,00-0038551,20304,MillKe01,9757,66627686-34fe-4599-84ac-e436fd7d798a,Q114919071,40108,K.Miller,Kendre,Kendre Miller,"Miller, Kendre","Miller, K",Kendre Miller,,Kendre Miller,Miller,Kendre,,2002-06-11,2002,06,11,72,220,RB,RB,2023
xbn8ygyj58,xbn8ygyj58,4570738,27724,keshawn-williams,00-0040534,22625,WillKe08,12971,11cb1f60-2519-11f0-8e0d-19c15eb22c2e,Q135684292,42278,K.Williams,Ke'Shawn,Ke'Shawn Williams,"Williams, Ke'Shawn","Williams, K",Ke'Shawn Williams,,Ke'Shawn Williams,Williams,Ke'Shawn,,2001-12-27,2001,12,27,69,189,WR,WR,2025
xc1cxd8cxh,xc1cxd8cxh,4432762,25968,shedeur-sanders,00-0040668,22056,SandSh00,12524,270e09bc-8bf8-44b0-87ed-1fd014de4ab7,Q111441081,41930,S.Sanders,Shedeur,Shedeur Sanders,"Sanders, Shedeur","Sanders, S",Shedeur Sanders,,Shedeur Sanders,Sanders,Shedeur,,2002-02-07,2002,02,07,74,212,QB,QB,2025
xd5jlbbn0h,xd5jlbbn0h,4243389,23739,calvin-austin,00-0037837,19480,AustCa00,8125,a95271f7-6dae-4b43-94fd-3ff04b15d4c4,Q110812761,34094,C.Austin,Calvin,Calvin Austin,"Austin, Calvin","Austin, C",Calvin Austin III,III,Calvin Austin III,Austin,Calvin,,1999-03-24,1999,03,24,69,162,WR,WR,2022
xeev31h0j0,xeev31h0j0,4702555,27320,jonah-coleman,00-0041496,22941,ColeJo00,13345,0ff54d6c-4d2a-4974-9815-b889e7dc293e,Q124352406,42730,J.Coleman,Jonah,Jonah Coleman,"Coleman, Jonah","Coleman, J",Jonah Coleman,,Jonah Coleman,Coleman,Jonah,,2003-08-20,2003,08,20,68,220,RB,RB,2026
xhm4p7hgfw,xhm4p7hgfw,4249087,18545,matt-gay,00-0035269,17628,GayxMa00,6083,2b90e091-ef78-4753-93eb-0acf3632c206,Q47001909,31977,M.Gay,Matt,Matt Gay,"Gay, Matt","Gay, M",Matt Gay,,Matt Gay,Gay,Matt,,1994-03-15,1994,03,15,72,239,K,SPEC,2019
xmh66e9tmr,xmh66e9tmr,3150744,19058,chase-mclaughlin,00-0035358,17851,McLaCh00,6650,12d28404-63e1-432f-adde-c93631a5c39c,Q64738516,32417,C.McLaughlin,Chase,Chase McLaughlin,"McLaughlin, Chase","McLaughlin, C",Chase McLaughlin,,Chase McLaughlin,McLaughlin,Chase,,1996-04-09,1996,04,09,72,190,K,SPEC,2019
xp1t3nwv3r,xp1t3nwv3r,10621,9491,nick-folk,00-0025565,6619,FolkNi20,650,b37c621e-1125-4c35-bea0-fcabb1527060,Q1985380,8432,N.Folk,Nicholas,Nick Folk,"Folk, Nick","Folk, N",Nicholas Folk,,Nick Folk,Folk,Nick,,1984-11-05,1984,11,05,73,225,K,SPEC,2007
xq8mq6jbe0,xq8mq6jbe0,4683243,27138,mitchell-evans,00-0040187,22086,EvanMi01,12473,788b494d-d624-46ae-a956-81bd10f6a044,Q123058520,41949,M.Evans,Mitchell,Mitchell Evans,"Evans, Mitchell","Evans, M",Mitchell Evans,,Mitchell Evans,Evans,Mitchell,,2003-05-18,2003,05,18,77,265,TE,TE,2025
xsh30yq5t4,xsh30yq5t4,4429096,23013,blake-corum,00-0039738,20278,CoruBl00,11586,93ba1da2-3679-4ddc-9687-0802349f9ee2,Q100795875,40962,B.Corum,Blake,Blake Corum,"Corum, Blake","Corum, B",Blake Corum,,Blake Corum,Corum,Blake,,2000-11-25,2000,11,25,68,202,RB,RB,2024
xskgvvvclr,xskgvvvclr,4241985,19245,jk-dobbins,00-0036158,17963,DobbJK00,6806,a57b9914-4315-4295-98b4-9b348c52d6a1,Q40059201,32725,J.Dobbins,J.K.,J.K. Dobbins,"Dobbins, J.K.","Dobbins, J",J.K. Dobbins,,J.K. Dobbins,Dobbins,J.K.,,1998-12-17,1998,12,17,70,215,RB,RB,2020
xt0g9xz8e4,xt0g9xz8e4,4431562,22928,phil-mafah,00-0040021,22305,MafaPh00,12738,54b97d06-1639-46a3-9dcc-67320687281d,Q123416724,42018,P.Mafah,Phil,Phil Mafah,"Mafah, Phil","Mafah, P",Phil Mafah,,Phil Mafah,Mafah,Phil,,2002-10-24,2002,10,24,73,232,RB,RB,2025
y1g9b93pxr,y1g9b93pxr,4383440,25881,nate-adkins,00-0038783,21011,AdkiNa00,11433,bcd0ae60-f31c-11ed-819c-fd03d0cc2698,Q122055196,40702,N.Adkins,Nathan,Nate Adkins,"Adkins, Nate","Adkins, N",Nathan Adkins,,Nate Adkins,Adkins,Nate,,1999-07-09,1999,07,09,75,252,TE,TE,2023
y4gfeqv090,y4gfeqv090,4431353,27066,xavier-restrepo,00-0040522,22103,RestXa00,12520,3ac9d7c0-2560-11f0-af22-1731557928d7,Q123049979,42368,X.Restrepo,Xavier,Xavier Restrepo,"Restrepo, Xavier","Restrepo, X",Xavier Restrepo,,Xavier Restrepo,Restrepo,Xavier,,2002-04-12,2002,04,12,70,202,WR,WR,2025
y5jsnxfff0,y5jsnxfff0,4608810,27147,tez-johnson,00-0040237,22108,JohnTe03,12485,ad756d40-39a0-4f5c-bbf5-f31f4c3ee0a6,Q123550509,42030,T.Johnson,Keyonteze,Tez Johnson,"Johnson, Tez","Johnson, T",Keyonteze Johnson,,Tez Johnson,Johnson,Tez,,2002-05-18,2002,05,18,70,165,WR,WR,2025
y75we4xzsm,y75we4xzsm,3118892,17603,justin-watson,00-0034386,16281,WatsJu01,5374,bdb77276-7191-4454-85c2-e1693a33d709,Q55615481,31114,J.Watson,Justin,Justin Watson,"Watson, Justin","Watson, J",Justin Watson,,Justin Watson,Watson,Justin,,1996-04-04,1996,04,04,74,215,WR,WR,2018
y91w5tx4g4,y91w5tx4g4,4362630,23242,terrace-marshall,00-0036955,18798,MarsTe00,7565,69388223-d1e7-46c3-9106-e10edb7073e9,Q77371719,33447,T.Marshall,Terrace,Terrace Marshall,"Marshall, Terrace","Marshall, T",Terrace Marshall Jr.,Jr.,Terrace Marshall Jr.,Marshall,Terrace,,2000-06-09,2000,06,09,74,200,WR,WR,2021
ybv1vxnqtr,ybv1vxnqtr,3116365,17269,mark-andrews,00-0034753,16075,AndrMa00,5012,0618f387-9b72-4270-8b8f-dec4cccc9e4a,Q41790042,31056,M.Andrews,Mark,Mark Andrews,"Andrews, Mark","Andrews, M",Mark Andrews,,Mark Andrews,Andrews,Mark,,1995-09-06,1995,09,06,77,250,TE,TE,2018
yct567mx70,yct567mx70,4808766,26005,mason-taylor,00-0040736,22120,TaylMa02,12498,07d2be51-73c2-4f26-81d5-bc6e9b88bff2,Q115803198,41827,M.Taylor,Mason,Mason Taylor,"Taylor, Mason","Taylor, M",Mason Taylor,,Mason Taylor,Taylor,Mason,,2004-05-08,2004,05,08,77,251,TE,TE,2025
yerpehcl0m,yerpehcl0m,4242512,23499,malik-willis,00-0038128,19458,WillMa12,8161,55aefcf9-4dfb-4994-883f-4d537a6f1ddb,Q101247586,34042,M.Willis,Malik,Malik Willis,"Willis, Malik","Willis, M",Malik Willis,,Malik Willis,Willis,Malik,,1999-05-25,1999,05,25,73,225,QB,QB,2022
yf37phbdnr,yf37phbdnr,4373678,23748,khalil-shakir,00-0037261,19462,ShakKh00,8134,0ce9ddce-bdf6-469c-8a32-9cf0ed3714a4,Q109336486,34104,K.Shakir,Khalil,Khalil Shakir,"Shakir, Khalil","Shakir, K",Khalil Shakir,,Khalil Shakir,Shakir,Khalil,,2000-02-03,2000,02,03,72,190,WR,WR,2022
ykcfxcth9h,ykcfxcth9h,4241389,19202,ceedee-lamb,00-0036358,17965,LambCe00,6786,a72ea15b-5199-4101-a300-846e1c655add,Q57313601,32687,C.Lamb,Cedarian,CeeDee Lamb,"Lamb, CeeDee","Lamb, C",Cedarian Lamb,,CeeDee Lamb,Lamb,CeeDee,,1999-04-08,1999,04,08,74,198,WR,WR,2020
ymn355bm2m,ymn355bm2m,4242392,23341,brock-wright,00-0036754,19101,WrigBr01,7891,8f182089-7730-499e-8f2e-87bda32debfb,Q109220124,33774,B.Wright,Brock,Brock Wright,"Wright, Brock","Wright, B",Brock Wright,,Brock Wright,Wright,Brock,,1998-11-27,1998,11,27,77,254,TE,TE,2021
ypfqvp17r8,ypfqvp17r8,4586312,27122,jaylin-noel,00-0040138,22116,NoelJa00,12536,c4bab22e-a89a-41f6-b03a-07073a72f41b,Q118107046,41885,J.Noel,Jaylin,Jaylin Noel,"Noel, Jaylin","Noel, J",Jaylin Noel,,Jaylin Noel,Noel,Jaylin,,2002-09-04,2002,09,04,71,200,WR,WR,2025
ypzcrf33b4,ypzcrf33b4,4575131,27316,jacory-croskeymerritt,00-0040242,22130,CrosJa00,12533,202b8be6-40d2-49ed-b256-312ac45ec70f,Q132063724,42010,J.Croskey-Merritt,Jacory,Jacory Croskey-Merritt,"Croskey-Merritt, Jacory","Croskey-Merritt, J",Jacory Croskey-Merritt,,Jacory Croskey-Merritt,Croskey-Merritt,Jacory,,2001-04-12,2001,04,12,71,208,RB,RB,2025
yv7d0qvjkh,yv7d0qvjkh,3054212,16460,jonnu-smith,00-0033858,15319,SmitJo01,4144,e4f25a37-74de-4bfb-b6c9-f50a4fab0b87,Q29453129,30213,J.Smith,Jonnu,Jonnu Smith,"Smith, Jonnu","Smith, J",Jonnu Smith,,Jonnu Smith,Smith,Jonnu,,1995-08-22,1995,08,22,75,248,TE,TE,2017
yvgkv18dlh,yvgkv18dlh,4362504,20162,brevin-jordan,00-0036556,18797,JordBr00,7568,8ffb5c07-4aa1-4796-b1ab-30c1ab0ccc4c,Q71471661,33535,B.Jordan,Brevin,Brevin Jordan,"Jordan, Brevin","Jordan, B",Brevin Jordan,,Brevin Jordan,Jordan,Brevin,,2000-07-16,2000,07,16,75,245,TE,TE,2021
yx1dj50kz4,yx1dj50kz4,4240391,25746,tommy-devito,00-0038476,20845,DeViTo00,11292,a1ae8db0-eb91-11ed-a4cb-cd397e2b413c,Q96410125,40533,T.DeVito,Thomas,Tommy DeVito,"DeVito, Tommy","DeVito, T",Thomas DeVito,,Tommy DeVito,DeVito,Tommy,,1998-08-07,1998,08,07,74,210,QB,QB,2023
yyb15s4m58,yyb15s4m58,4569559,26409,devaughn-vele,00-0039424,21357,VeleDe00,11834,2a638f35-a80a-46db-9722-12b49d45ab52,Q124608287,41097,D.Vele,Devaughn,Devaughn Vele,"Vele, Devaughn","Vele, D",Devaughn Vele,,Devaughn Vele,Vele,Devaughn,,1997-12-12,1997,12,12,77,210,WR,WR,2024
yze9e6pybh,yze9e6pybh,3124084,19028,joey-slye,00-0035192,17815,SlyeJo00,6528,ef4998e0-c9ef-4afe-88ab-d09b48975a08,Q67086841,32384,J.Slye,Joseph,Joey Slye,"Slye, Joey","Slye, J",Joseph Slye,,Joey Slye,Slye,Joey,,1996-04-10,1996,04,10,71,228,K,SPEC,2019
yzvqmtj50m,yzvqmtj50m,2976212,13981,stefon-diggs,00-0031588,13671,DiggSt00,2449,a1c40664-b265-4083-aad2-54b4c734f2c5,Q7606645,28534,S.Diggs,Stefon,Stefon Diggs,"Diggs, Stefon","Diggs, S",Stefon Diggs,,Stefon Diggs,Diggs,Stefon,,1993-11-29,1993,11,29,72,191,WR,WR,2015
z0y2xxk1ew,z0y2xxk1ew,3051876,16411,evan-engram,00-0033881,15238,EngrEv00,4066,e21365af-8d66-416e-b0a5-8816d18fcfd9,Q20631011,30136,E.Engram,Evan,Evan Engram,"Engram, Evan","Engram, E",Evan Engram,,Evan Engram,Engram,Evan,,1994-09-02,1994,09,02,75,240,TE,TE,2017
z1042rsrxw,z1042rsrxw,4240603,24205,malik-davis,00-0037563,20100,DaviMa02,8800,7caf1f90-d30d-11ec-8b77-45b1765fd110,Q114313913,34610,M.Davis,Malik,Malik Davis,"Davis, Malik","Davis, M",Malik Davis,,Malik Davis,Davis,Malik,,1998-11-26,1998,11,26,71,200,RB,RB,2022
z183xmysgw,z183xmysgw,4429582,28400,joe-fagnano,00-0040981,23349,FagnJo00,13350,a94983d0-426a-11f1-bdd9-b59171a63abe,Q123023113,43003,J.Fagnano,Joseph,Joe Fagnano,"Fagnano, Joe","Fagnano, J",Joseph Fagnano,,Joe Fagnano,Fagnano,Joe,,2001-03-31,2001,03,31,75,226,QB,QB,2026
z1n7tj8pqm,z1n7tj8pqm,4879276,28129,bryce-lance,00-0041067,22969,LancBr00,13420,4d5c31ba-45ea-4247-a41a-acfa82bdbd39,Q131649781,42758,B.Lance,Bryce,Bryce Lance,"Lance, Bryce","Lance, B",Bryce Lance,,Bryce Lance,Lance,Bryce,,2002-08-20,2002,08,20,75,204,WR,WR,2026
z1wtlr9edw,z1wtlr9edw,4365395,25824,julian-hill,00-0038720,20938,HillJu02,11371,516da3c0-f016-11ed-a518-572ef5cb73b6,Q122110098,40629,J.Hill,Julian,Julian Hill,"Hill, Julian","Hill, J",Julian Hill,,Julian Hill,Hill,Julian,,2000-07-09,2000,07,09,76,251,TE,TE,2023
z366b9358r,z366b9358r,4061956,18656,ashton-dulin,00-0035021,17366,DuliAs00,6427,f374262b-d642-4d05-9584-5955548ee4d1,Q69183943,32292,A.Dulin,Ashton,Ashton Dulin,"Dulin, Ashton","Dulin, A",Ashton Dulin,,Ashton Dulin,Dulin,Ashton,,1997-05-15,1997,05,15,74,215,WR,WR,2019
z3k4k8b4l8,z3k4k8b4l8,4701936,26024,matthew-golden,00-0040667,22085,GoldMa02,12501,d1963360-c011-4764-9a36-9e627073f68f,Q123507803,41808,M.Golden,Matthew,Matthew Golden,"Golden, Matthew","Golden, M",Matthew Golden,,Matthew Golden,Golden,Matthew,,2003-08-01,2003,08,01,71,191,WR,WR,2025
z4wb1m8zb8,z4wb1m8zb8,4870653,27331,kevin-concepcion,00-0041547,22933,ConcKC00,13298,395b5873-4054-4190-913c-60b664d11e61,Q124415515,42646,K.Concepcion,Kevin,KC Concepcion,"Concepcion, KC","Concepcion, K",Kevin Concepcion,,KC Concepcion,Concepcion,KC,,2004-09-24,2004,09,24,72,190,WR,WR,2026
z5xw3y6m3w,z5xw3y6m3w,4569371,26379,isaiah-williams-wr,00-0039451,21729,WillIs03,11608,2ddb2f40-07bc-11ef-82d9-5f86367458d3,Q122942048,41421,I.Williams,Isaiah,Isaiah Williams,"Williams, Isaiah","Williams, I",Isaiah Williams,,Isaiah Williams,Williams,Isaiah,,2001-01-29,2001,01,29,70,185,WR,WR,2024
z6tbtr7ph0,z6tbtr7ph0,4890973,25989,ashton-jeanty,00-0040122,22055,JeanAs00,12527,320fc4b7-76c7-43af-bbfd-1a22ba8f78cb,Q122784078,41791,A.Jeanty,Ashton,Ashton Jeanty,"Jeanty, Ashton","Jeanty, A",Ashton Jeanty,,Ashton Jeanty,Jeanty,Ashton,,2003-12-02,2003,12,02,68,208,RB,RB,2025
zbkhf5xx40,zbkhf5xx40,3115293,17869,kyle-allen,00-0034577,16562,AlleKy00,5127,d2023f5b-f73b-43ad-a816-f10dadfdfaed,Q18421895,31301,K.Allen,Kyle,Kyle Allen,"Allen, Kyle","Allen, K",Kyle Allen,,Kyle Allen,Allen,Kyle,,1996-03-08,1996,03,08,75,210,QB,QB,2018
zbls00d4l8,zbls00d4l8,4361432,23794,romeo-doubs,00-0037816,19455,DoubRo00,8121,5f559fde-3a5f-4df6-99a2-cd1a4b103c68,Q110647780,34088,R.Doubs,Romeo,Romeo Doubs,"Doubs, Romeo","Doubs, R",Romeo Doubs,,Romeo Doubs,Doubs,Romeo,,2000-04-13,2000,04,13,74,210,WR,WR,2022
zdlhgnmdbm,zdlhgnmdbm,4595348,25409,malik-nabers,00-0039337,21122,NabeMa00,11632,55ef2022-50c2-465b-839e-c0f4c9e7c55c,Q114255395,40899,M.Nabers,Malik,Malik Nabers,"Nabers, Malik","Nabers, M",Malik Nabers,,Malik Nabers,Nabers,Malik,,2003-07-28,2003,07,28,72,200,WR,WR,2024
zer3kfyfj4,zer3kfyfj4,4383351,20082,trey-lance,00-0037012,18799,LancTr00,7610,676a508c-c65f-404a-a2b0-f861a4bfd072,Q81753651,33391,T.Lance,Trey,Trey Lance,"Lance, Trey","Lance, T",Trey Lance,,Trey Lance,Lance,Trey,,2000-05-09,2000,05,09,76,226,QB,QB,2021
zg2c3lwpl4,zg2c3lwpl4,4431196,22924,jake-briningstool,00-0040081,22466,BrinJa00,12817,46190530-23ab-11f0-a8c1-91b88a8cabac,Q115492182,42117,J.Briningstool,Jake,Jake Briningstool,"Briningstool, Jake","Briningstool, J",Jake Briningstool,,Jake Briningstool,Briningstool,Jake,,2002-12-09,2002,12,09,78,240,TE,TE,2025
zjr65nww0w,zjr65nww0w,4360689,23096,tyler-shough,00-0040743,22220,ShouTy00,12545,94b8f9e1-3109-4429-8f71-4f79d7588237,Q90415917,41825,T.Shough,Tyler,Tyler Shough,"Shough, Tyler","Shough, T",Tyler Shough,,Tyler Shough,Shough,Tyler,,1999-09-28,1999,09,28,77,219,QB,QB,2025
zjyx01f2vh,zjyx01f2vh,4635008,26019,keon-coleman,00-0039901,21130,ColeKe02,11637,6752915f-efe5-473d-a520-78cadfab6dda,Q114149783,40911,K.Coleman,Keon,Keon Coleman,"Coleman, Keon","Coleman, K",Keon Coleman,,Keon Coleman,Coleman,Keon,,2003-05-17,2003,05,17,75,213,WR,WR,2024
zkgn9yf6n8,zkgn9yf6n8,4685441,26044,kendrick-law,00-0041446,23147,LawxKe00,13412,b039bf78-853f-4e4f-a6bd-83d7f38748c3,Q123558128,42798,K.Law,Kendrick,Kendrick Law,"Law, Kendrick","Law, K",Kendrick Law,,Kendrick Law,Law,Kendrick,,2004-06-13,2004,06,13,71,203,WR,WR,2026
zmsf85klnr,zmsf85klnr,4714379,28163,seydou-traore,00-0041579,23180,TraoSe00,13429,a2c31add-0862-4636-b6fc-84e796772db8,Q121013010,42790,S.Traore,Seydou,Seydou Traore,"Traore, Seydou","Traore, S",Seydou Traore,,Seydou Traore,Traore,Seydou,,2002-08-12,2002,08,12,76,235,TE,TE,2026
zrpqxd3zvd,zrpqxd3zvd,4369466,25857,ryan-miller-wr,00-0038824,20996,MillRy01,11421,edb7de00-f1b8-11ed-9bf1-7fd77a26dc1f,Q123914106,40676,R.Miller,Ryan,Ryan Miller,"Miller, Ryan","Miller, R",Ryan Miller,,Ryan Miller,Miller,Ryan,,2000-02-20,2000,02,20,74,221,WR,WR,2023
zsmyrlgne0,zsmyrlgne0,4361307,22936,trey-mcbride,00-0037744,19439,McBrTr01,8130,734d54cc-c869-4e2f-a60f-c59c493f5110,Q108576652,34010,T.McBride,Trey,Trey McBride,"McBride, Trey","McBride, T",Trey McBride,,Trey McBride,McBride,Trey,,1999-11-22,1999,11,22,76,246,TE,TE,2022
zsv899yhkh,zsv899yhkh,4429013,22908,tank-bigsby,00-0038555,20279,BigsTa00,9225,2034916c-8062-46e3-8d0c-d0dec694e2d1,Q100561971,40095,T.Bigsby,Cantavious,Tank Bigsby,"Bigsby, Tank","Bigsby, T",Cantavious Bigsby,,Tank Bigsby,Bigsby,Tank,,2002-08-30,2002,08,30,71,215,RB,RB,2023
zt5hlrk164,zt5hlrk164,3116165,16406,chris-godwin,00-0033921,15316,GodwCh00,4037,baa61bb5-f8d0-4f90-bbe2-028576b8d33d,Q21621037,30197,C.Godwin,Rod,Chris Godwin,"Godwin, Chris","Godwin, C",Rod Godwin Jr.,Jr.,Chris Godwin Jr.,Godwin,Chris,,1996-02-27,1996,02,27,73,209,WR,WR,2017
zv3z421nm0,zv3z421nm0,4882093,27297,bhayshul-tuten,00-0040719,22106,TuteBh00,12490,26d4b13e-a555-4519-9356-cd16c65384e7,Q130376111,41900,B.Tuten,Bhayshul,Bhayshul Tuten,"Tuten, Bhayshul","Tuten, B",Bhayshul Tuten,,Bhayshul Tuten,Tuten,Bhayshul,,2002-02-14,2002,02,14,69,209,RB,RB,2025
